,종목명,코드,유형,순자산,종가,거래량,수익율,총보수,운용사
0,0.38,TIGER 24-12 금융채(AA-이상),,채권/회사채권,"8,793","50,965","3,326",0.09,0.38
1,8.47,KODEX 코스닥150,,시장지수/코스닥,"8,416","15,170","10,391,039",0.23,8.47
2,14.35,KODEX 반도체,,섹터/IT,"8,041","42,400","603,820",7.42,14.35
3,10.44,TIGER 200 IT,,섹터/IT,"8,013","35,595","90,801",2.52,10.44
4,0.75,ACE 종합채권(AA-이상)KIS액티브,,채권/회사채권,"7,543","100,405","1,454",-0.19,0.75
5,-0.25,TIGER 2차전지소재Fn,,테마/기타,"7,417","8,060","2,256,566",-2.07,-0.25
6,3.82,KODEX 미국나스닥100TR,,해외지수/해외지수,"7,357","16,440","266,407",0.67,3.82
7,3.75,ACE 미국나스닥100,,해외지수/해외지수,"7,338","18,930","201,452",0.56,3.75
8,19.53,TIGER Fn반도체TOP10,,섹터/IT,"7,234","13,375","3,689,018",10.63,19.53
9,0.27,KODEX 단기채권,,채권/단기자금,"7,122","109,150","18,478",0.04,0.27
10,6.91,TIGER 미국배당다우존스,,해외지수/해외지수,"7,103","11,735","686,830",2.36,6.91
11,0.34,TIGER 24-10 회사채(A+이상)액티브,,채권/회사채권,"6,923","54,635","41,746",0.07,0.34
12,-5.43,KODEX 인버스,,파생상품/인버스,"6,783","4,090","17,860,998",-0.73,-5.43
13,6.11,KOSEF 200TR,,시장지수/코스피200,"6,780","47,565","104,192",1.23,6.11
14,0.31,TIGER 단기채권액티브,,채권/단기자금,"6,666","53,610","17,533",0.07,0.31
15,0.28,TIGER 단기통안채,,채권/단기자금,"6,640","106,525","19,029",0.06,0.28
16,-2.94,KODEX 자동차,,섹터/경기소비재,"6,435","21,325","622,222",-2.29,-2.94
17,5.72,ARIRANG 200,,시장지수/코스피200,"6,291","38,740","154,047",0.96,5.72
18,0.70,SOL 종합채권(AA-이상)액티브,,채권/회사채권,"6,271","106,320","1,128",-0.08,0.70
19,0.77,KOSEF 국고채10년,,채권/국공채권,"5,976","111,420","15,024",-0.38,0.77
20,0.45,TIGER 25-10 회사채(A+이상)액티브,,채권/회사채권,"5,732","52,470","56,281",0.09,0.45
21,6.15,HANARO 200,,시장지수/코스피200,"5,664","38,160","95,586",1.23,6.15
22,0.28,TIGER 1년은행양도성예금증서액티브(합성),,채권/단기자금,"5,654","1,006,015","48,857",0.07,0.28
23,3.57,TIGER 차이나항셍테크,,해외지수/해외지수,"5,617","5,225","1,856,454",2.45,3.57
24,1.67,TIGER 미국달러단기채권액티브,,채권/단기자금,"5,537","11,900","128,393",1.10,1.67
25,6.43,KODEX MSCI Korea TR,,시장지수/MSCI Korea Index,"5,193","13,000","5,487",1.60,6.43
26,2.88,KODEX 미국빅테크10(H),,해외지수/해외지수,"5,166","36,635","272,010",0.23,2.88
27,0.25,TIGER 24-04 회사채(A+이상)액티브,,채권/회사채권,"5,141","52,095","139,370",0.04,0.25
28,5.42,TIGER 미국배당+7%프리미엄다우존스,,파생상품/구조화,"5,087","10,530","910,741",1.79,5.42
29,6.60,SOL 미국배당다우존스,,해외지수/해외지수,"4,938","10,725","370,769",2.14,6.60
30,-8.50,KODEX 코스닥150선물인버스,,파생상품/인버스,"4,859","3,230","46,017,146",-0.46,-8.50
31,5.99,ACE 200,,시장지수/코스피200,"4,572","38,600","62,275",1.22,5.99
32,0.28,KBSTAR 단기통안채,,채권/단기자금,"4,453","111,115","69,892",0.07,0.28
33,4.59,KBSTAR 미국나스닥100,,해외지수/해외지수,"4,337","18,440","180,110",1.35,4.59
34,4.43,TIGER 리츠부동산인프라,,기타/기타,"4,024","4,550","733,090",0.77,4.43
35,0.74,ARIRANG 국고채10년액티브,,채권/국공채권,"4,011","52,080","1,619",-0.38,0.74
36,1.42,TIGER 미국채30년스트립액티브(합성 H),,해외지수/해외지수,"3,982","45,095","203,437",1.78,1.42
37,0.39,KODEX 국고채3년,,채권/국공채권,"3,842","59,485","14,337",-0.03,0.39
38,1.67,KBSTAR KIS국고채30년Enhanced,,채권/국공채권,"3,802","70,965","50,878",-1.03,1.67
39,0.34,히어로즈 머니마켓액티브,,채권/단기자금,"3,801","50,215","25,813",0.08,0.34
40,3.74,KODEX 은행,,섹터/금융,"3,730","8,190","854,210",-5.92,3.74
41,0.78,ACE 국고채10년,,채권/국공채권,"3,653","87,625","9,667",-0.30,0.78
42,19.96,SOL AI반도체소부장,,섹터/IT,"3,620","16,620","2,187,080",9.92,19.96
43,6.25,KOSEF 200,,시장지수/코스피200,"3,602","38,145","70,526",1.26,6.25
44,0.71,TIGER 종합채권(AA-이상)액티브,,채권/회사채권,"3,582","52,515","2,614",-0.14,0.71
45,5.36,TIGER 2차전지TOP10,,테마/기타,"3,492","14,440","882,439",-2.56,5.36
46,0.27,KODEX 단기변동금리부채권액티브,,채권/단기자금,"3,456","110,100",980,0.07,0.27
47,0.48,KODEX 25-11 회사채(A+이상)액티브,,채권/회사채권,"3,418","10,395","19,687",0.19,0.48
48,4.58,TIGER 글로벌자율주행&전기차SOLACTIVE,,해외지수/해외지수,"3,414","10,960","69,782",1.81,4.58
49,1.44,KODEX 미국달러SOFR금리액티브(합성),,해외지수/해외지수,"3,399","10,895","27,425",0.88,1.44
50,5.04,KODEX 선진국MSCI World,,해외지수/해외지수,"3,370","26,885","59,685",1.00,5.04
51,0.78,ARIRANG 고배당주,,스타일/스타일,"3,334","14,245","668,440",-3.62,0.78
52,5.50,KBSTAR 미국S&P500,,해외지수/해외지수,"3,329","15,500","128,162",1.37,5.50
53,9.72,KODEX 미국반도체MV,,해외지수/해외지수,"3,279","20,820","449,889",-0.05,9.72
54,4.25,KODEX 코스피,,시장지수/코스피200,"3,277","28,485","259,850",0.30,4.25
55,3.38,TIGER 미국나스닥100커버드콜(합성),,파생상품/구조화,"3,276","10,475","539,449",1.64,3.38
56,2.13,KODEX 미국채울트라30년선물(H),,해외지수/해외지수,"3,240","8,150","352,289",1.75,2.13
57,0.58,TIGER 중장기국채,,채권/국공채권,"3,208","50,120","13,842",-0.20,0.58
58,-0.15,TIGER 글로벌리튬&2차전지SOLACTIVE(합성),,해외지수/해외지수,"3,145","6,770","136,287",-0.95,-0.15
59,1.38,KODEX 국고채30년액티브,,채권/국공채권,"3,138","105,500","8,149",-0.82,1.38
60,1.45,TIGER 인도니프티50,,해외지수/해외지수,"3,136","12,215","428,779",1.50,1.45
61,0.33,SOL 초단기채권액티브,,채권/단기자금,"3,132","50,950","107,896",0.09,0.33
62,10.45,ACE 글로벌반도체TOP4 Plus SOLACTIVE,,해외지수/해외지수,"3,082","22,665","377,658",0.80,10.45
63,2.44,KODEX 인도Nifty50,,해외지수/해외지수,"3,061","12,595","390,289",1.98,2.44
64,,KODEX 25-11 은행채(AA-이상)PLUS액티브,,채권/회사채권,"2,996","10,055","132,482",0.15,
65,0.53,KODEX ESG종합채권(A-이상)액티브,,채권/회사채권,"2,783","108,815",15,0.29,0.53
66,6.79,ACE 미국배당다우존스,,해외지수/해외지수,"2,777","11,850","208,497",2.20,6.79
67,0.35,KBSTAR 단기국공채액티브,,채권/국공채권,"2,770","108,515","1,192",0.05,0.35
68,1.17,ARIRANG 국고채30년액티브,,채권/국공채권,"2,764","101,430",348,-0.65,1.17
69,2.80,TIGER 일본니케이225,,해외지수/해외지수,"2,641","21,640","484,551",-0.80,2.80
70,3.43,ACE 베트남VN30(합성),,해외지수/해외지수,"2,619","20,075","199,545",2.11,3.43
71,6.04,SOL 200TR,,시장지수/코스피200,"2,571","13,615","84,661",1.23,6.04
72,11.94,TIGER 헬스케어,,섹터/의료,"2,569","35,580","152,082",-0.32,11.94
73,2.64,KBSTAR ESG사회책임투자,,테마/SRI,"2,447","12,460","31,686",-3.19,2.64
74,0.59,KBSTAR Fn수소경제테마,,테마/기타,"2,394","9,425","48,713",-2.03,0.59
75,28.44,KODEX AI반도체핵심장비,,섹터/IT,"2,378","14,180","2,659,390",14.68,28.44
76,3.78,TIGER 미국S&P500선물(H),,해외지수/해외지수,"2,356","58,820","73,826",0.57,3.78
77,3.44,TIGER 은행고배당플러스TOP10,,스타일/스타일,"2,318","12,690","521,238",-6.08,3.44
78,-6.89,ACE 테슬라밸류체인액티브,,해외지수/해외지수,"2,275","10,060","483,219",1.00,-6.89
79,1.26,KBSTAR 2차전지액티브,,테마/기타,"2,267","10,835","351,336",-2.52,1.26
80,1.47,TIGER 미국달러SOFR금리액티브(합성),,해외지수/해외지수,"2,229","52,720","5,929",0.75,1.47
81,14.99,KBSTAR 비메모리반도체액티브,,섹터/IT,"2,217","14,150","1,464,749",6.87,14.99
82,,KBSTAR CD금리액티브(합성),,채권/단기자금,"2,202","100,070","7,990",,
83,4.33,KODEX 미국S&P500(H),,해외지수/해외지수,"2,176","12,525","87,800",0.89,4.33
84,0.36,ACE 24-12 회사채(AA-이상)액티브,,채권/회사채권,"2,160","103,760","8,375",0.09,0.36
85,-0.97,SOL 2차전지소부장Fn,,테마/기타,"2,114","7,655","733,290",-1.98,-0.97
86,14.23,TIGER 반도체,,섹터/IT,"2,095","44,160","377,635",7.60,14.23
87,24.02,TIGER AI반도체핵심공정,,섹터/IT,"2,088","13,345","2,382,755",14.26,24.02
88,1.82,KOSEF 인도Nifty50(합성),,해외지수/해외지수,"2,079","23,210","118,089",2.50,1.82
89,4.06,TIGER 미국S&P500TR(H),,해외지수/해외지수,"2,059","12,810","112,954",0.67,4.06
90,2.43,KODEX 2차전지산업레버리지,,파생상품/레버리지,"2,026","4,630","2,943,119",-4.83,2.43
91,0.72,ARIRANG 종합채권(AA-이상)액티브,,채권/회사채권,"2,023","106,890",28,-0.22,0.72
92,6.11,KBSTAR 200TR,,시장지수/코스피200,"2,018","20,580","17,603",1.23,6.11
93,2.21,KBSTAR 미국채30년엔화노출(합성 H),,해외지수/해외지수,"2,011","9,255","825,934",2.49,2.21
94,0.37,KBSTAR 25-03 회사채(AA-이상)액티브,,채권/회사채권,"2,002","50,765","3,434",0.08,0.37
95,0.54,KODEX 26-12 회사채(AA-이상)액티브,,채권/회사채권,"1,978","10,200","12,356",0.20,0.54
96,1.42,TIGER 미국30년국채프리미엄액티브(H),,파생상품/구조화,"1,965","9,985","1,102,519",1.52,1.42
97,5.64,ACE 미국빅테크TOP7 Plus,,해외지수/해외지수,"1,939","12,925","323,734",0.66,5.64
98,6.69,HANARO MSCI Korea TR,,시장지수/MSCI Korea Index,"1,933","16,265",102,1.56,6.69
99,4.02,KODEX 미국나스닥100레버리지(합성 H),,해외지수/해외지수,"1,915","9,825","246,694",-0.86,4.02
100,1.65,TIGER 차이나CSI300,,해외지수/해외지수,"1,889","8,610","227,719",0.23,1.65
101,4.06,ARIRANG 코스피TR,,시장지수/코스피200,"1,882","14,850","41,737",0.41,4.06
102,5.52,TIGER 미국테크TOP10+10%프리미엄,,파생상품/구조화,"1,857","11,160","684,020",0.86,5.52
103,0.34,히어로즈 24-09 회사채(AA-이상)액티브,,채권/회사채권,"1,843","51,075","15,413",0.10,0.34
104,0.82,KODEX 국고채10년액티브,,채권/국공채권,"1,837","105,685","80,755",-0.35,0.82
105,3.17,KODEX 차이나항셍테크,,해외지수/해외지수,"1,824","5,210","403,707",2.06,3.17
106,7.37,TIMEFOLIO 글로벌AI인공지능액티브,,해외지수/해외지수,"1,795","18,800","431,197",0.83,7.37
107,0.33,SOL 24-12 회사채(AA-이상)액티브,,채권/회사채권,"1,795","51,130","2,080",0.10,0.33
108,5.12,KODEX K-로봇액티브,,테마/기타,"1,768","15,190","170,482",-0.16,5.12
109,8.51,KBSTAR IT플러스,,섹터/IT,"1,735","19,580","16,506",2.92,8.51
110,14.13,TIGER 미국필라델피아반도체레버리지(합성),,파생상품/레버리지,"1,715","23,460","253,718",0.82,14.13
111,1.19,TIGER BBIG,,테마/기타,"1,699","6,385","155,562",0.63,1.19
112,2.41,KODEX 미국나스닥100(H),,해외지수/해외지수,"1,650","14,650","121,432",-0.17,2.41
113,14.24,ACE KRX금현물,,상품/금속,"1,638","14,240","111,443",5.95,14.24
114,5.90,KTOP K200액티브,,시장지수/코스피200,"1,612","11,945","39,866",1.14,5.90
115,0.35,KTOP 단기금융채액티브,,채권/단기자금,"1,581","103,020","13,664",0.09,0.35
116,1.77,KODEX TRF3070,,기타/기타,"1,563","12,365","41,983",0.37,1.77
117,8.88,KODEX 골드선물(H),,상품/금속,"1,554","13,910","87,765",2.13,8.88
118,5.32,SOL 미국배당다우존스(H),,해외지수/해외지수,"1,547","11,280","172,666",1.44,5.32
119,0.27,ARIRANG KOFR금리,,채권/단기자금,"1,534","103,715","14,199",0.06,0.27
120,-0.12,TIGER 일본엔선물,,통화/기타통화,"1,530","8,510","209,813",0.77,-0.12
121,-3.14,KODEX 2차전지핵심소재10 Fn,,테마/기타,"1,529","8,340","962,146",-3.08,-3.14
122,1.13,KODEX 장기종합채권(AA-이상)액티브KAP,,채권/회사채권,"1,482","92,490",341,-0.31,1.13
123,1.98,TIGER 국고채30년스트립액티브,,채권/국공채권,"1,475","50,170","42,699",-1.14,1.98
124,4.35,KODEX K-메타버스액티브,,섹터/IT,"1,474","7,440","80,502",3.41,4.35
125,0.68,TIGER 투자등급회사채액티브,,채권/회사채권,"1,447","109,360","4,186",0.05,0.68
126,3.78,KODEX 미국S&P500선물(H),,해외지수/해외지수,"1,429","24,300","23,148",0.48,3.78
127,0.30,ACE 단기통안채,,채권/단기자금,"1,390","101,195","5,899",0.06,0.30
128,-0.62,TIGER 글로벌4차산업혁신기술(합성 H),,해외지수/해외지수,"1,390","16,845","22,905",-0.74,-0.62
129,14.05,KoAct 바이오헬스케어액티브,,섹터/의료,"1,387","11,970","397,981",1.74,14.05
130,1.54,KoAct 배당성장액티브,,스타일/스타일,"1,376","10,195","895,233",-1.73,1.54
131,4.13,TIGER 글로벌메타버스액티브,,해외지수/해외지수,"1,353","9,465","102,401",0.42,4.13
132,2.63,TIGER 미국나스닥100TR(H),,해외지수/해외지수,"1,353","15,040","138,103",0.17,2.63
133,0.67,ACE 26-06 회사채(AA-이상)액티브,,채권/회사채권,"1,315","10,500","65,702",0.19,0.67
134,10.65,KODEX 200IT TR,,섹터/IT,"1,303","13,715","19,157",2.47,10.65
135,1.08,KODEX 배당가치,,스타일/스타일,"1,287","14,445","79,769",-1.87,1.08
136,-0.42,TIGER 여행레저,,섹터/경기소비재,"1,282","3,520","220,536",0.57,-0.42
137,2.83,KBSTAR iSelect메타버스,,섹터/IT,"1,275","6,350","71,635",3.50,2.83
138,2.30,KODEX 미국나스닥100선물(H),,해외지수/해외지수,"1,272","21,820","73,106",-0.05,2.30
139,0.92,KODEX 글로벌비만치료제TOP2 Plus,,테마/기타,"1,269","12,095","914,516",4.09,0.92
140,4.49,KBSTAR 코스피,,시장지수/코스피200,"1,255","28,860","21,954",0.35,4.49
141,1.86,TIGER 미국채10년선물,,해외지수/해외지수,"1,250","11,780","63,687",0.90,1.86
142,0.46,SOL 25-09 회사채(AA-이상)액티브,,채권/회사채권,"1,249","51,860",539,0.10,0.46
143,18.08,KBSTAR 코스닥150선물레버리지,,파생상품/레버리지,"1,241","14,825","29,948",0.64,18.08
144,2.71,TIGER 미국MSCI리츠(합성 H),,해외지수/해외지수,"1,235","12,345","32,956",0.91,2.71
145,8.94,KODEX 바이오,,섹터/의료,"1,235","8,465","478,555",0.30,8.94
146,4.85,TIGER 바이오TOP10,,섹터/의료,"1,232","6,815","503,457",-1.45,4.85
147,5.43,HANARO Fn K-POP&미디어,,섹터/경기소비재,"1,223","8,055","99,171",8.63,5.43
148,0.39,ACE 11월만기자동연장회사채AA-이상액티브,,채권/단기자금,"1,222","10,185","17,158",0.10,0.39
149,,ARIRANG 머니마켓액티브,,채권/단기자금,"1,221","50,060","6,431",,
150,,KBSTAR 2차전지TOP10인버스(합성),,파생상품/인버스,"1,221","23,140","1,375,598",,
151,-1.55,HANARO 200TR,,시장지수/코스피200,"1,215","47,645","1,109",2.68,-1.55
152,5.91,KODEX 삼성그룹밸류,,그룹주/삼성,"1,213","9,595","88,927",1.22,5.91
153,9.41,KBSTAR 25-11 회사채(AA-이상)액티브,,채권/회사채권,"1,200","52,830","8,564",0.37,9.41
154,0.48,TIGER 배당프리미엄액티브,,파생상품/구조화,"1,193","11,265","196,325",0.10,0.48
155,5.84,TIGER 코스피,,시장지수/코스피200,"1,193","28,755","38,964",1.44,5.84
156,4.37,KTOP 25-08 회사채(A+이상)액티브,,채권/회사채권,"1,184","103,825","7,928",0.58,4.37
157,0.45,KODEX 미국달러선물인버스2X,,파생상품/인버스,"1,183","6,225","564,622",0.17,0.45
158,-2.28,KBSTAR 단기종합채권(AA-이상)액티브,,채권/단기자금,"1,183","107,805","3,705",-1.35,-2.28
159,0.33,TIGER 글로벌혁신블루칩TOP10,,해외지수/해외지수,"1,166","12,160","106,208",0.06,0.33
160,6.43,KOSEF 단기자금,,채권/단기자금,"1,156","102,305","10,877",-0.25,6.43
161,0.30,HANARO Fn K-반도체,,섹터/IT,"1,151","12,130","432,308",0.05,0.30
162,15.25,TIGER Fn메타버스,,섹터/IT,"1,147","6,930","139,575",6.83,15.25
163,1.61,TIGER 차이나과창판STAR50(합성),,해외지수/해외지수,"1,119","5,685","41,129",4.84,1.61
164,-4.05,히어로즈 단기채권ESG액티브,,테마/SRI,"1,117","106,365",41,-3.97,-4.05
165,0.38,TIGER 테슬라채권혼합Fn,,기타/기타,"1,114","10,430","150,815",0.07,0.38
166,-3.16,KBSTAR 코스닥150,,시장지수/코스닥,"1,110","15,070","109,583",0.82,-3.16
167,8.57,ACE 중국본토CSI300,,해외지수/해외지수,"1,101","23,395","7,842",0.20,8.57
168,1.61,HK 종합채권(AA-이상)액티브,,채권/회사채권,"1,096","103,245",1,0.36,1.61
169,0.73,BNK 24-11 회사채(AA-이상)액티브,,채권/회사채권,"1,092","51,155",258,-0.15,0.73
170,0.30,SOL 미국30년국채커버드콜(합성),,해외지수/해외지수,"1,088","10,145","411,899",0.09,0.30
171,3.23,ACE 미국달러SOFR금리(합성),,해외지수/해외지수,"1,086","10,660","24,045",2.05,3.23
172,1.48,TIGER 코스닥150,,시장지수/코스닥,"1,085","15,620","297,668",0.85,1.48
173,8.59,KODEX 테슬라인컴프리미엄채권혼합액티브,,기타/기타,"1,084","9,435","1,030,315",0.26,8.59
174,-4.22,ACE 엔비디아채권혼합블룸버그,,기타/기타,"1,049","18,450","142,754",-0.12,-4.22
175,5.70,WOORI 25-09 회사채(AA-이상)액티브,,채권/회사채권,"1,046","52,180","6,043",-0.03,5.70
176,0.53,TIGER 소프트웨어,,섹터/IT,"1,008","8,700","162,901",0.19,0.53
177,-1.64,KBSTAR 게임테마,,테마/기타,988,"9,080","38,653",0.00,-1.64
178,2.19,TIMEFOLIO K바이오액티브,,섹터/의료,987,"10,040","714,822",0.00,2.19
179,11.68,TIGER 글로벌AI액티브,,해외지수/해외지수,970,"13,600","107,884",0.00,11.68
180,,ACE 미국WideMoat가치주,,해외지수/해외지수,965,1.23,7.72,24.66,
181,4.76,ARIRANG 단기채권액티브,,채권/단기자금,964,"24,655","27,615",0.74,4.76
182,0.31,TIGER 200 중공업,,섹터/산업재,958,"112,465",201,0.07,0.31
183,10.78,KBSTAR Fn5G테크,,섹터/IT,949,"3,905","609,135",-1.51,10.78
184,11.81,TIGER 미국다우존스30,,해외지수/해외지수,937,"11,740","61,050",4.40,11.81
185,3.83,ARIRANG K방산Fn,,테마/기타,932,"26,540","14,291",1.09,3.83
186,8.19,KODEX Fn성장,,스타일/스타일,915,"14,935","399,159",1.12,8.19
187,8.51,KBSTAR 국고채3년선물인버스,,파생상품/인버스,912,"16,010","78,796",2.04,8.51
188,0.17,TIGER 차이나CSI300레버리지(합성),,파생상품/레버리지,892,"108,360","13,976",0.23,0.17
189,2.51,TIGER 200선물레버리지,,파생상품/레버리지,885,"14,305","201,718",0.10,2.51
190,11.40,KBSTAR 대형고배당10TR,,스타일/스타일,866,"15,540","276,694",1.73,11.40
191,6.05,TIGER 미국투자등급회사채액티브(H),,해외지수/해외지수,858,"20,410","15,151",1.29,6.05
192,1.86,TIGER 200선물인버스2X,,파생상품/인버스,854,"50,190","8,018",0.76,1.86
193,-10.97,KODEX 차이나CSI300,,해외지수/해외지수,840,"2,110","2,382,137",-1.63,-10.97
194,1.89,TIGER 미디어컨텐츠,,섹터/경기소비재,837,"10,500","64,526",-0.38,1.89
195,1.03,ACE 25-06 회사채(AA-이상)액티브,,채권/회사채권,835,"5,910","100,962",6.29,1.03
196,0.53,HANARO Fn조선해운,,섹터/산업재,831,"10,430","12,417",0.10,0.53
197,0.55,TIGER 중국소비테마,,해외지수/해외지수,828,"10,110","193,285",-5.69,0.55
198,2.15,KODEX 헬스케어,,섹터/의료,817,"5,950","24,500",1.36,2.15
199,12.18,SOL 국고채10년,,채권/국공채권,817,"16,020","162,282",-0.50,12.18
200,0.76,KBSTAR 미국단기투자등급회사채액티브,,해외지수/해외지수,806,"104,515","4,967",-0.26,0.76
201,2.49,KODEX 미국종합채권ESG액티브(H),,해외지수/해외지수,789,"10,905","14,569",1.44,2.49
202,1.07,SOL 미국S&P500,,해외지수/해외지수,780,"99,765","3,122",0.26,1.07
203,5.27,마이티 26-09 특수채(AAA)액티브,,채권/회사채권,758,"14,775","32,023",1.20,5.27
204,0.59,TIGER 글로벌AI&로보틱스 INDXX,,해외지수/해외지수,738,"103,955",62,0.13,0.59
205,4.37,KODEX 차이나H레버리지(H),,파생상품/레버리지,726,"12,305","130,793",-0.36,4.37
206,3.45,KODEX 은선물(H),,상품/금속,717,"1,410","1,537,248",2.10,3.45
207,11.05,KODEX Fn Top10동일가중,,테마/우량주,717,"4,675","184,492",1.74,11.05
208,3.88,KODEX 200미국채혼합,,기타/기타,716,"8,310","11,175",0.91,3.88
209,4.65,ARIRANG 신흥국MSCI(합성 H),,해외지수/해외지수,713,"13,170","35,122",2.37,4.65
210,10.46,히어로즈 종합채권(AA-이상)액티브,,"9,400","44,605",0.43,2.51,1.62,10.46
211,0.70,ACE 미국30년국채선물레버리지(합성 H),,채권/회사채권,713,"104,070",198,-0.23,0.70
212,2.08,TIGER 화장품,,해외지수/해외지수,712,"6,860","206,882",1.86,2.08
213,4.37,TIGER 현대차그룹+펀더멘털,,섹터/경기소비재,693,"2,390","482,135",3.69,4.37
214,-3.20,UNICORN 생성형AI강소기업액티브,,그룹주/현대차,684,"27,995","56,283",-2.42,-3.20
215,4.25,KODEX 아시아달러채권ESG플러스액티브,,섹터/IT,675,"10,175","116,602",2.83,4.25
216,2.39,TIGER 국채3년,,해외지수/해외지수,675,"54,945",573,1.66,2.39
217,0.38,ACE G2전기차&자율주행액티브,,채권/국공채권,674,"106,410","3,213",-0.10,0.38
218,-0.24,KODEX WTI원유선물(H),,해외지수/해외지수,666,"8,215","69,753",0.12,-0.24
219,6.36,KBSTAR 중국본토대형주CSI100,,상품/원유,658,"15,795","208,997",2.97,6.36
220,2.39,TIGER 미국테크TOP10 INDXX(H),,해외지수/해외지수,656,"15,640","10,410",0.32,2.39
221,3.53,ARIRANG 미국S&P500(H),,해외지수/해외지수,653,"11,730","200,822",-0.21,3.53
222,3.87,WOORI 반도체밸류체인액티브,,해외지수/해외지수,647,"21,580","9,137",0.58,3.87
223,12.04,TIGER 경기방어,,섹터/IT,645,"12,190","176,527",6.09,12.04
224,2.57,HANARO 종합채권(AA-이상)액티브,,섹터/경기소비재,639,"9,375","8,432",-0.74,2.57
225,0.67,TIGER 미국나스닥100TR채권혼합Fn,,채권/회사채권,634,"106,505",252,0.08,0.67
226,1.58,KODEX 미국메타버스나스닥액티브,,기타/기타,634,"11,875","54,921",0.08,1.58
227,4.44,TIGER 미국나스닥100레버리지(합성),,해외지수/해외지수,631,"10,700","67,854",-0.79,4.44
228,6.49,KODEX 국채선물10년,,파생상품/레버리지,613,"17,795","75,602",0.51,6.49
229,0.65,KBSTAR 중기우량회사채,,채권/국공채권,613,"65,830","5,160",-0.38,0.65
230,0.47,히어로즈 CD금리액티브(합성),,채권/회사채권,611,"105,055","1,686",0.12,0.47
231,0.27,KODEX 일본TOPIX100,,채권/단기자금,610,"103,115",843,0.07,0.27
232,3.52,WOORI 단기국공채액티브,,해외지수/해외지수,609,"21,300","50,688",-1.16,3.52
233,0.27,KODEX 한국대만IT프리미어,,채권/단기자금,602,"51,675","3,889",0.08,0.27
234,10.84,TIGER 미국S&P500레버리지(합성 H),,기타/기타,592,"23,715","48,178",2.89,10.84
235,6.96,TIGER 인도니프티50레버리지(합성),,파생상품/레버리지,575,"38,345","12,587",0.31,6.96
236,4.11,KODEX 미국달러선물,,파생상품/레버리지,565,"37,195","14,944",4.44,4.11
237,1.47,히어로즈 26-09 회사채(AA-이상)액티브,,통화/미국달러,557,"12,745","44,296",0.63,1.47
238,0.52,KBSTAR KP달러채권액티브,,채권/회사채권,554,"51,770","14,734",0.08,0.52
239,2.52,TIGER 우선주,,해외지수/해외지수,548,"53,085",516,1.67,2.52
240,20.36,투자전략/투자전략,,"12,930","106,353",-1.11,1.41,13.67,20.36
241,5.28,TIGER 일본반도체FACTSET,,해외지수/해외지수,544,"15,960","170,463",3.00,5.28
242,17.82,TIGER 코스닥150 레버리지,,파생상품/레버리지,543,"14,875","246,788",0.54,17.82
243,8.52,KODEX 유럽탄소배출권선물ICE(H),,해외지수/해외지수,539,"9,295","92,860",4.67,8.52
244,0.34,ACE 단기채권알파액티브,,채권/단기자금,534,"106,000","2,236",0.07,0.34
245,3.35,KODEX 차이나H,,해외지수/해외지수,522,"14,360","204,667",1.77,3.35
246,-2.90,HANARO e커머스,,테마/기타,521,"10,540","5,236",-0.57,-2.90
247,6.07,TIGER 미국배당+3%프리미엄다우존스,,파생상품/구조화,516,"11,150","73,367",1.87,6.07
248,3.82,KODEX TDF2050액티브,,기타/기타,510,"12,770","107,096",0.51,3.82
249,0.88,HANARO 32-10 국고채액티브,,채권/국공채권,502,"53,705","2,848",-0.44,0.88
250,9.67,TIGER 2차전지TOP10레버리지,,파생상품/레버리지,497,"4,820","667,871",-3.70,9.67
251,-0.83,ACE 인도네시아MSCI(합성),,해외지수/해외지수,497,"10,735","18,503",0.42,-0.83
252,4.60,KODEX 미국배당프리미엄액티브,,해외지수/해외지수,488,"10,965","518,259",0.69,4.60
253,1.99,KODEX 미국채10년선물,,해외지수/해외지수,484,"11,290","34,711",1.16,1.99
254,7.55,TIMEFOLIO 미국나스닥100액티브,,해외지수/해외지수,484,"19,095","52,133",0.10,7.55
255,6.72,SOL 조선TOP3플러스,,섹터/산업재,481,"9,450","259,278",-5.97,6.72
256,6.50,TIGER 미국S&P500배당귀족,,해외지수/해외지수,473,"11,705","36,475",2.23,6.50
257,2.46,TIGER 지주회사,,그룹주/기타,472,"10,815","141,130",-0.92,2.46
258,1.25,TIGER 글로벌클라우드컴퓨팅INDXX,,해외지수/해외지수,471,"10,495","18,842",-0.05,1.25
259,-4.10,KODEX 증권,,섹터/금융,461,"7,360","119,248",-4.66,-4.10
260,3.23,TIGER 차이나HSCEI,,해외지수/해외지수,461,"8,320","40,752",1.03,3.23
261,4.12,KODEX 삼성전자채권혼합Wise,,기타/기타,460,"11,495","41,601",1.46,4.12
262,8.10,KOSEF 글로벌AI반도체,,해외지수/해외지수,460,"13,685","337,727",-1.69,8.10
263,3.24,KODEX 인도Nifty50레버리지(합성),,파생상품/레버리지,457,"14,995","14,607",2.95,3.24
264,-0.86,TIGER 미국나스닥바이오,,해외지수/해외지수,456,"21,995","22,183",1.45,-0.86
265,3.68,TIGER 글로벌비만치료제TOP2Plus,,해외지수/해외지수,456,"10,405","721,792",2.16,3.68
266,9.51,ACE 삼성그룹섹터가중,,그룹주/삼성,446,"16,525","16,190",0.55,9.51
267,4.52,TIGER 200 헬스케어,,섹터/의료,442,"19,095","32,742",-0.55,4.52
268,,파워 200,152870,시장지수/코스피200,442,"38,385",489,1.07,5.77
269,4.42,KODEX 미국S&P500배당귀족커버드콜(합성 H),,파생상품/구조화,435,"8,810","22,867",1.56,4.42
270,31.61,파생상품/레버리지,304780,"22,505","1,251",2.09,11.44,7.58,31.61
271,-5.19,KODEX WTI원유선물인버스(H),,파생상품/인버스,427,"4,110","422,812",-1.91,-5.19
272,10.44,SOL 한국형글로벌반도체액티브,,해외지수/해외지수,425,"18,250","60,162",3.02,10.44
273,-0.08,HANARO 글로벌럭셔리S&P(합성),,해외지수/해외지수,424,"19,940","8,959",-0.57,-0.08
274,-5.24,TIGER 인터넷TOP10,,섹터/IT,423,"3,615","239,345",-0.14,-5.24
275,2.42,TIGER 미국테크TOP10채권혼합,,기타/기타,421,"10,985","82,162",0.14,2.42
276,3.12,ACE 미국S&P500채권혼합액티브,,해외지수/해외지수,420,"11,395","63,084",1.33,3.12
277,-3.02,KODEX Fn웹툰&드라마,,테마/기타,420,"4,015","37,278",1.39,-3.02
278,11.73,TIGER 레버리지,,파생상품/레버리지,418,"19,915","156,120",1.81,11.73
279,5.82,ACE 200TR,,시장지수/코스피200,415,"24,455","14,742",1.18,5.82
280,-0.06,에셋플러스 글로벌플랫폼액티브,,해외지수/해외지수,414,"8,105","23,004",0.43,-0.06
281,0.35,KOSEF 통안채1년,,채권/국공채권,413,"103,360","1,086",0.04,0.35
282,20.79,KODEX K-신재생에너지액티브,,테마/녹색성장,412,"15,830","57,518",4.32,20.79
283,3.50,HANARO Fn K-뉴딜디지털플러스,,테마/기타,410,"8,570","3,359",-0.41,3.50
284,5.29,ARIRANG ESG가치주액티브,,테마/SRI,407,"8,750","53,909",1.10,5.29
285,1.12,KBSTAR AI&로봇,,섹터/IT,406,"10,815","219,959",-2.74,1.12
286,-0.81,KBSTAR Fn컨택트대표,,그룹주/기타,405,"6,720","4,508",2.67,-0.81
287,1.20,KBSTAR 2차전지TOP10,,테마/기타,400,"14,795","459,872",-2.47,1.20
288,6.69,TIGER 차이나전기차레버리지(합성),,파생상품/레버리지,399,"4,545","162,882",-1.94,6.69
289,2.78,SOL 200 Top10,,시장지수/코스피200,399,"9,070","2,182",-0.27,2.78
290,0.51,KBSTAR 금융채액티브,,채권/회사채권,398,"101,555",326,0.11,0.51
291,4.50,TIGER 유로스탁스50(합성 H),,해외지수/해외지수,397,"18,100","8,883",1.20,4.50
292,1.36,TIGER 차이나항셍테크레버리지(합성 H),,해외지수/해외지수,395,"4,860","366,576",1.04,1.36
293,-5.26,TIGER 인버스,,파생상품/인버스,390,"4,590","245,988",-0.76,-5.26
294,-1.00,KODEX 미국달러선물인버스,,파생상품/인버스,389,"8,420","50,188",-0.53,-1.00
295,1.63,KBSTAR 미국달러SOFR금리액티브(합성),,해외지수/해외지수,387,"10,620",857,0.95,1.63
296,-4.70,ACE 포스코그룹포커스,,그룹주/기타,386,"7,700","282,235",-4.17,-4.70
297,2.64,KBSTAR 고배당,,스타일/스타일,384,"14,170","42,462",-1.84,2.64
298,6.00,대신343 K200,,시장지수/코스피200,383,"38,310",360,1.16,6.00
299,17.43,KODEX Fn시스템반도체,,섹터/IT,376,"11,755","82,298",7.60,17.43
300,5.89,섹터/IT,266360,"12,140","52,599",2.49,2.23,-4.63,5.89
301,1.48,KODEX 보험,,섹터/금융,375,"9,615","169,697",-3.66,1.48
302,4.87,KODEX 차이나2차전지MSCI(합성),,해외지수/해외지수,374,"5,380","23,270",-1.74,4.87
303,2.93,TIGER S&P글로벌헬스케어(합성),,해외지수/해외지수,365,"22,820","5,679",2.38,2.93
304,2.74,KODEX 200ESG,,테마/SRI,362,"13,895","5,398",-0.89,2.74
305,2.35,KBSTAR 미국채30년커버드콜(합성),,파생상품/구조화,362,"9,710","217,712",1.19,2.35
306,6.70,KBSTAR 미국반도체NYSE(H),,해외지수/해외지수,359,"14,660","99,660",0.03,6.70
307,9.37,TIGER 골드선물(H),,상품/금속,356,"14,940","17,201",2.57,9.37
308,0.50,ACE 중장기국공채액티브,,채권/국공채권,356,"101,835",42,0.03,0.50
309,3.77,ARIRANG 우주항공&UAM iSelect,,테마/기타,352,"12,815","53,645",0.91,3.77
310,-3.59,TIGER 차이나바이오테크SOLACTIVE,,해외지수/해외지수,347,"5,365","28,379",0.09,-3.59
311,0.80,KBSTAR 글로벌리얼티인컴,,해외지수/해외지수,345,"10,135","252,918",1.35,0.80
312,0.26,SOL 미국TOP5채권혼합40 Solactive,,기타/기타,342,"11,740","26,879",0.30,0.26
313,1.02,KBSTAR 중국본토CSI300,,해외지수/해외지수,342,"8,950","4,677",-0.17,1.02
314,22.11,TIGER 200IT레버리지,,파생상품/레버리지,341,"47,105","6,695",4.85,22.11
315,12.58,KODEX IT,,섹터/IT,335,"20,900","11,196",4.47,12.58
316,0.36,KBSTAR 국고채3년,,채권/국공채권,335,"108,410",781,-0.07,0.36
317,1.61,KOSEF 미국달러선물,,통화/미국달러,333,"14,550","2,027",0.83,1.61
318,4.82,ARIRANG 일본반도체소부장Solactive,,해외지수/해외지수,333,"15,230","57,886",0.53,4.82
319,-0.35,KODEX 고배당,,스타일/스타일,332,"10,060","56,225",-2.38,-0.35
320,2.88,KODEX 미국달러선물레버리지,,파생상품/레버리지,332,"13,765","49,612",1.66,2.88
321,3.81,KOSEF 글로벌퓨처모빌리티,,해외지수/해외지수,330,"9,950","5,119",0.00,3.81
322,3.52,ARIRANG 미국채30년액티브,,해외지수/해외지수,328,"51,700","10,128",2.55,3.52
323,,KBSTAR 200위클리커버드콜,,파생상품/구조화,316,"10,370","352,770",1.32,
324,0.79,WOORI 대한민국국고채액티브,,채권/국공채권,315,"53,365","1,359",-0.28,0.79
325,,ACE 미국30년국채엔화노출액티브(H),,해외지수/해외지수,314,"9,905","411,304",2.75,
326,3.11,ARIRANG 미국장기우량회사채,,채권/회사채권,312,"90,575","4,324",1.44,3.11
327,12.73,KODEX 미국S&P500에너지(합성),,해외지수/해외지수,309,"14,880","27,540",3.91,12.73
328,3.77,ACE 일본Nikkei225(H),,해외지수/해외지수,309,"28,225","51,135",-0.72,3.77
329,-0.04,TIMEFOLIO Korea플러스배당액티브,,시장지수/코스피200,309,"12,385","87,183",-3.23,-0.04
330,23.09,해외지수/해외지수,399110,"13,980","19,175",1.38,5.55,14.90,23.09
331,0.05,KBSTAR 국채선물5년추종인버스,,파생상품/인버스,305,"55,810","6,401",0.37,0.05
332,19.70,TIGER 코스닥150바이오테크,,시장지수/코스닥,304,"12,000","117,308",-0.41,19.70
333,0.05,KODEX K-친환경선박액티브,,테마/기타,300,"10,545","44,941",-2.77,0.05
334,5.74,KODEX 탄소효율그린뉴딜,,테마/녹색성장,298,"9,670","2,115",1.79,5.74
335,8.50,SOL 코스닥150,,시장지수/코스닥,291,"15,000",434,0.47,8.50
336,14.57,HANARO CAPEX설비투자iSelect,,섹터/산업재,289,"12,580","244,316",0.88,14.57
337,3.71,KODEX 글로벌로봇(합성),,해외지수/해외지수,288,"18,320","13,671",0.16,3.71
338,4.49,TIGER 글로벌멀티에셋TIF액티브,,해외지수/해외지수,284,"10,565","8,715",1.54,4.49
339,2.68,ARIRANG 미국나스닥테크,,해외지수/해외지수,283,"33,280","5,317",0.02,2.68
340,-0.17,TIGER 코스피고배당,,스타일/스타일,282,"14,920","18,808",-3.15,-0.17
341,0.27,SOL KIS단기통안채,,채권/단기자금,281,"106,540",108,0.07,0.27
342,3.63,KBSTAR 내수주플러스,,섹터/경기소비재,280,"8,555","5,799",0.00,3.63
343,5.77,TIMEFOLIO Kstock액티브,,시장지수/코스피200,280,"9,620","13,050",1.26,5.77
344,3.45,KODEX K-미래차액티브,,테마/기타,277,"9,740","10,645",0.41,3.45
345,2.94,TIGER KEDI혁신기업ESG30,,테마/SRI,272,"10,490","28,006",0.43,2.94
346,4.57,KODEX 코스피TR,,시장지수/코스피200,272,"13,610","108,912",0.37,4.57
347,3.00,TIGER 200커버드콜ATM,,파생상품/구조화,272,"9,045","57,559",0.72,3.00
348,0.67,KBSTAR 차이나HSCEI(H),,해외지수/해외지수,271,"6,720","42,882",-0.15,0.67
349,0.47,SOL 국고채3년,,채권/국공채권,269,"102,940",611,-0.01,0.47
350,7.05,ACE ESG액티브,,테마/SRI,268,"8,350",739,0.78,7.05
351,5.74,KODEX 코스피100,,시장지수/코스피100,267,"29,650","10,584",0.87,5.74
352,4.44,TIGER 글로벌BBIG액티브,,해외지수/해외지수,267,"14,240","22,822",0.28,4.44
353,4.58,KODEX KRX기후변화솔루션,,테마/녹색성장,266,"12,665","1,385",-0.24,4.58
354,4.35,KODEX TRF7030,,기타/기타,263,"16,545","13,265",1.38,4.35
355,1.40,ARIRANG 미국단기우량회사채,,채권/회사채권,259,"116,260",235,0.52,1.40
356,3.89,KODEX TRF5050,,기타/기타,259,"14,545","14,181",1.43,3.89
357,3.67,KODEX 미국러셀2000(H),,해외지수/해외지수,255,"13,130","50,660",1.23,3.67
358,2.89,HANARO 200 TOP10,,시장지수/코스피200,254,"8,900","36,893",0.11,2.89
359,7.11,TIGER TSMC밸류체인FACTSET,,해외지수/해외지수,252,"15,820","36,088",-1.77,7.11
360,5.63,상품/금속,160580,"10,600","9,699",0.57,7.51,5.05,5.63
361,-2.81,TIGER 미국달러선물인버스2X,,파생상품/인버스,250,"6,230","21,236",-1.42,-2.81
362,4.06,KBSTAR 미국S&P500(H),,해외지수/해외지수,249,"13,175","25,020",0.57,4.06
363,3.30,TIGER 퓨처모빌리티액티브,,테마/기타,248,"9,870","12,330",0.36,3.30
364,8.80,ACE 코스닥150,,시장지수/코스닥,246,"15,335","6,434",0.62,8.80
365,0.50,KBSTAR 중장기국공채액티브,,채권/국공채권,245,"104,500",82,-0.02,0.50
366,6.34,TIGER 원유선물Enhanced(H),,상품/원유,244,"4,695","100,457",3.07,6.34
367,0.34,ACE 미국친환경그린테마INDXX,,해외지수/해외지수,242,"8,960","7,219",2.58,0.34
368,6.33,KODEX S&P글로벌인프라(합성),,해외지수/해외지수,241,"14,945","8,604",1.98,6.33
369,5.11,KOSEF 미국S&P500,,해외지수/해외지수,241,"14,200","12,273",1.14,5.11
370,5.19,마이티 다이나믹퀀트액티브,,투자전략/투자전략,240,"13,365","2,149",1.17,5.19
371,6.35,KODEX KRX300,,시장지수/KRX300,235,"18,095","6,095",1.40,6.35
372,4.26,KBSTAR 글로벌4차산업IT(합성 H),,해외지수/해외지수,232,"27,300","2,668",-0.51,4.26
373,-3.86,KODEX 철강,,섹터/소재,232,"8,970","35,254",-1.21,-3.86
374,-0.16,ACE 2차전지&친환경차액티브,,테마/기타,231,"12,160","18,870",-2.88,-0.16
375,-3.12,KODEX 200롱코스닥150숏선물,,기타/기타,230,"8,240","38,490",0.43,-3.12
376,,KODEX 한국부동산리츠인프라,,기타/기타,230,"5,245","685,509",0.77,
377,-0.28,KBSTAR 국채선물10년인버스,,파생상품/인버스,229,"54,825","3,065",0.61,-0.28
378,-3.65,KODEX 건설,,섹터/산업재,227,"3,295","56,674",-1.93,-3.65
379,24.55,ACE AI반도체포커스,,섹터/IT,227,"16,820","60,704",14.46,24.55
380,0.60,KODEX 배당성장채권혼합,,기타/기타,226,"12,575","9,572",-0.16,0.60
381,0.35,ACE 8월만기자동연장회사채AA-이상액티브,,채권/단기자금,225,"10,085","12,693",0.10,0.35
382,2.65,TIGER 리츠부동산인프라채권TR KIS,,기타/기타,224,"4,805","19,058",0.41,2.65
383,5.77,ACE 일본TOPIX레버리지(H),,파생상품/레버리지,223,"43,600","4,537",-4.93,5.77
384,4.85,KODEX 게임산업,,테마/기타,222,"6,915","63,628",0.95,4.85
385,9.68,ACE 미국빅테크TOP7 Plus레버리지(합성),,파생상품/레버리지,221,"15,810","31,117",0.06,9.68
386,7.17,TIGER 삼성그룹펀더멘털,,그룹주/삼성,220,"13,235","79,032",0.30,7.17
387,1.88,KODEX 차이나심천ChiNext(합성),,해외지수/해외지수,219,"7,845","11,451",-3.86,1.88
388,0.12,KBSTAR 배터리 리사이클링iSelect,,테마/기타,216,"12,570","19,252",-1.45,0.12
389,3.23,KODEX 차이나A50,,해외지수/해외지수,214,"17,880","4,170",0.79,3.23
390,-2.27,기타/기타,251600,"11,875","23,670",-1.41,0.51,6.05,-2.27
391,9.85,ACE 2월만기자동연장회사채AA-이상액티브,,채권/단기자금,213,"10,090","2,569",0.10,9.85
392,0.40,TIGER 200TR,,시장지수/코스피200,213,"21,275","4,218",1.12,0.40
393,5.92,KODEX 배당성장,,스타일/스타일,211,"15,045","8,076",-0.50,5.92
394,1.11,TIGER 200 에너지화학,,섹터/소재,208,"13,550","23,173",-1.35,1.11
395,1.12,ARIRANG 우량회사채50 1년,,채권/회사채권,207,"115,270",792,0.03,1.12
396,0.33,KTOP 차이나H(H),,해외지수/해외지수,206,"10,355","41,247",1.57,0.33
397,3.39,HANARO 코스닥150,,시장지수/코스닥,205,"15,225","3,418",0.10,3.39
398,8.52,TIGER KRX기후변화솔루션,,테마/녹색성장,204,"12,800","2,254",0.55,8.52
399,4.83,ACE 5월만기자동연장회사채AA-이상액티브,,채권/단기자금,204,"10,080","5,080",0.10,4.83
400,0.35,TIGER 차이나클린에너지SOLACTIVE,,해외지수/해외지수,203,"5,690","16,063",-2.07,0.35
401,3.27,TIGER Fn신재생에너지,,테마/녹색성장,202,"8,945","19,853",2.76,3.27
402,10.36,ACE 아시아TOP50S&P,,해외지수/해외지수,201,"13,420","3,150",1.55,10.36
403,7.79,KBSTAR 200선물인버스2X,,파생상품/인버스,199,"1,984","159,120",-1.29,7.79
404,-11.03,HANARO Fn전기&수소차,,테마/기타,195,"8,515","5,488",-1.45,-11.03
405,-0.29,KBSTAR 글로벌자산배분액티브,,기타/기타,193,"11,370","36,978",1.25,-0.29
406,4.07,KODEX TDF2030액티브,,기타/기타,190,"11,890","11,585",0.34,4.07
407,2.54,SOL 글로벌탄소배출권선물ICE(합성),,해외지수/해외지수,190,"11,160","20,537",2.90,2.54
408,4.69,TIGER 게임TOP10,,섹터/IT,189,"5,420","63,662",2.94,4.69
409,3.63,KBSTAR 미국S&P원유생산기업(합성 H),,해외지수/해외지수,189,"6,945","143,778",1.24,3.63
410,10.06,KODEX 미국나스닥100선물인버스(H),,해외지수/해외지수,189,"8,560","114,805",0.47,10.06
411,-2.12,KODEX 다우존스미국리츠(H),,기타/기타,188,"11,775","9,626",0.86,-2.12
412,2.62,KBSTAR 200선물레버리지,,파생상품/레버리지,186,"18,610","26,068",1.67,2.62
413,11.60,TIGER 배당성장,,스타일/스타일,186,"18,810","8,112",-0.32,11.60
414,1.76,ACE 국고채3년,,채권/국공채권,185,"102,525",255,0.02,1.76
415,0.43,KODEX 미국S&P500산업재(합성),,해외지수/해외지수,184,"29,500","4,042",0.67,0.43
416,6.10,KODEX 유럽명품TOP10 STOXX,,해외지수/해외지수,184,"9,940","20,721",-0.85,6.10
417,0.00,TIGER MSCI KOREA ESG리더스,,시장지수/MSCI Korea Index,184,"9,300","1,507",-0.27,0.00
418,5.62,ARIRANG 코스피50,,시장지수/코스피50,183,"26,600","7,268",1.43,5.62
419,5.81,ACE 주주환원가치주액티브,,투자전략/투자전략,182,"12,140","56,320",-1.38,5.81
420,11.89,테마/녹색성장,376410,"9,515","4,756",0.95,-0.08,5.29,11.89
421,15.70,KOSEF 미국나스닥100(H),,해외지수/해외지수,181,"15,090",6.08,6.43,15.70
422,2.51,KODEX iShares미국투자등급회사채액티브,,해외지수/해외지수,179,"10,875","43,200",-0.13,2.51
423,3.07,ACE 글로벌메타버스테크액티브,,해외지수/해외지수,178,"11,895","25,237",1.26,3.07
424,6.25,KODEX 미국S&P바이오(합성),,해외지수/해외지수,177,"27,885","5,543",1.88,6.25
425,-5.91,TIGER 200 건설,,섹터/산업재,176,"3,270","12,248",0.29,-5.91
426,-1.06,KODEX 200가치저변동,,스타일/스타일,175,"11,700","74,577",-0.76,-1.06
427,2.95,ARIRANG 미국S&P500,,해외지수/해외지수,173,"13,400","20,298",-1.27,2.95
428,5.39,KODEX 200exTOP,,시장지수/코스피200,173,"12,330","20,280",1.28,5.39
429,3.14,KoAct 글로벌AI&로봇액티브,,해외지수/해외지수,172,"12,825","6,037",-0.48,3.14
430,5.64,TIGER 코스닥150선물인버스,,파생상품/인버스,172,"3,295","27,766",0.87,5.64
431,-8.34,KODEX iShares미국하이일드액티브,,해외지수/해외지수,171,"10,725","1,086,791",-0.45,-8.34
432,2.92,KBSTAR 삼성그룹Top3채권혼합블룸버그,,기타/기타,168,"10,430","84,019",1.27,2.92
433,5.09,TIGER 차이나반도체FACTSET,,해외지수/해외지수,168,"5,100","34,637",-0.05,5.09
434,-1.35,SOL 자동차소부장Fn,,섹터/경기소비재,167,"10,460","28,643",-5.20,-1.35
435,0.97,TIGER 스페이스테크iSelect,,테마/기타,167,"12,355","8,382",-1.32,0.97
436,8.28,KODEX KRX300레버리지,,파생상품/레버리지,167,"16,550","66,363",0.98,8.28
437,12.78,TIGER 단기선진하이일드(합성 H),,해외지수/해외지수,165,"12,695","1,336",2.13,12.78
438,1.07,KODEX 53-09 국고채액티브,,채권/국공채권,165,"10,715","4,350",-0.16,1.07
439,1.23,KOSEF 국고채3년,,채권/국공채권,164,"109,180","13,105",-0.92,1.23
440,0.40,KOSEF 코스닥150,,시장지수/코스닥,163,"7,635",329,0.02,0.40
441,9.31,KODEX 에너지화학,,섹터/소재,163,"15,530","3,940",1.06,9.31
442,1.80,에셋플러스 코리아플랫폼액티브,,테마/기타,160,"6,940","13,815",-1.02,1.80
443,1.76,TIGER 차이나CSI300인버스(합성),,파생상품/인버스,159,"9,010","3,247",2.59,1.76
444,-1.69,KOSEF 미국달러선물레버리지,,파생상품/레버리지,158,"13,145","5,669",-0.66,-1.69
445,2.86,TIGER 글로벌사이버보안INDXX,,해외지수/해외지수,157,"12,185","2,745",1.58,2.86
446,-1.81,ACE 미국나스닥100채권혼합액티브,,해외지수/해외지수,152,"11,730","19,352",-1.73,-1.81
447,2.45,KODEX 3대농산물선물(H),,상품/농산물,151,"9,690","18,642",0.99,2.45
448,2.38,TIGER 농산물선물Enhanced(H),,상품/농산물,151,"6,265","7,949",0.83,2.38
449,2.04,BNK 주주가치액티브,,투자전략/투자전략,150,"13,675","6,831",0.32,2.04
450,17.74,해외지수/해외지수,426020,"16,695",725,-0.69,4.07,6.42,17.74
451,36.51,KBSTAR 채권혼합,,기타/기타,"47,671",1.24,6.98,22.58,36.51
452,2.37,TIGER MKF배당귀족,,스타일/스타일,149,"62,225",64,0.57,2.37
453,4.31,KODEX 코스피대형주,,스타일/스타일,149,"12,470","7,574",1.05,4.31
454,4.20,KODEX 차이나과창판STAR50(합성),,해외지수/해외지수,149,"13,510","7,754",0.67,4.20
455,-5.02,ARIRANG 선진국MSCI(합성 H),,해외지수/해외지수,148,"5,765","2,558",-4.32,-5.02
456,2.30,ACE 멕시코MSCI(합성),,해외지수/해외지수,148,"12,030","10,724",-1.07,2.30
457,6.81,KBSTAR V&S셀렉트밸류채권혼합,,기타/기타,148,"16,395","3,054",2.82,6.81
458,2.61,KODEX 미국서학개미,,해외지수/해외지수,146,"12,175","3,116",0.41,2.61
459,2.49,KBSTAR 헬스케어채권혼합,,기타/기타,145,"11,120","105,006",1.55,2.49
460,3.95,TIGER 유로스탁스배당30,,해외지수/해외지수,145,"12,100","13,018",-0.49,3.95
461,7.22,ACE 미국다우존스리츠(합성 H),,기타/기타,144,"12,100","4,729",4.27,7.22
462,2.49,KOSEF KRX100,,시장지수/KRX100,144,"79,810",183,0.90,2.49
463,5.94,SOL 의료기기소부장Fn,,섹터/의료,144,"5,970",896,0.59,5.94
464,3.64,HANARO 글로벌탄소배출권선물ICE(합성),,해외지수/해외지수,143,"8,970","29,913",3.70,3.64
465,5.17,TIGER 원유선물인버스(H),,파생상품/인버스,143,"9,255","8,680",3.12,5.17
466,-5.17,KODEX 미국S&P500테크놀로지,,해외지수/해외지수,143,"2,750","91,127",-1.96,-5.17
467,3.90,KBSTAR 200선물인버스,,파생상품/인버스,142,"12,390","20,709",0.57,3.90
468,-5.78,KOSEF 미국달러선물인버스2X,,파생상품/인버스,141,"5,220","7,766",-1.23,-5.78
469,-2.23,KODEX 미국S&P500헬스케어,,해외지수/해외지수,141,"5,490","14,804",-0.90,-2.23
470,3.91,KBSTAR 미국장기국채선물(H),,해외지수/해외지수,140,"12,350","20,883",3.35,3.91
471,0.47,TIGER 200 금융,,섹터/금융,140,"8,605","13,718",-0.46,0.47
472,2.24,KOSEF 국고채10년레버리지,,파생상품/레버리지,139,"7,980","46,484",-5.56,2.24
473,1.18,ARIRANG 미국다우존스고배당주(합성 H),,해외지수/해외지수,138,"106,330",421,-0.64,1.18
474,5.96,KBSTAR 5대그룹주,,그룹주/기타,137,"15,990","4,264",1.94,5.96
475,3.38,HANARO Fn K-게임,,섹터/IT,135,"6,730","7,322",-0.81,3.38
476,3.55,KODEX 미국S&P500금융,,해외지수/해외지수,135,"4,225","7,894",1.56,3.55
477,5.98,KBSTAR 미국반도체NYSE,,해외지수/해외지수,134,"14,090","4,628",0.93,5.98
478,8.07,ACE 미국IT인터넷S&P(합성 H),,해외지수/해외지수,133,"14,730","21,005",1.13,8.07
479,1.95,KBSTAR 미국고정배당우선증권ICE TR,,해외지수/해외지수,132,"16,475","4,058",-0.24,1.95
480,140710,섹터/산업재,131,"10,980","9,662",-0.36,2.86,8.39,12.16
481,7.56,TIGER 코리아테크액티브,,"4,625","62,328",-0.75,-7.22,-9.93,7.56
482,10.91,SOL 미국30년국채액티브(H),,테마/기타,128,"11,490","12,886",4.31,10.91
483,1.39,파워 코스피100,,해외지수/해외지수,128,"9,495","23,503",1.12,1.39
484,5.65,SOL KRX300,,시장지수/코스피100,128,"29,085",164,1.32,5.65
485,6.31,ACE 글로벌브랜드TOP10블룸버그,,시장지수/KRX300,127,"18,205",306,1.56,6.31
486,2.49,SOL 반도체후공정,,해외지수/해외지수,127,"14,190","4,762",0.89,2.49
487,29.13,TIGER K게임,,섹터/IT,127,"14,075","150,886",16.80,29.13
488,2.89,WOORI 미국S&P500,,테마/기타,126,"7,645","18,072",-0.13,2.89
489,4.43,HANARO 글로벌생성형AI액티브,,해외지수/해외지수,126,"13,315","10,301",1.29,4.43
490,6.16,ACE KPOP포커스,,해외지수/해외지수,126,"14,040","30,442",-0.25,6.16
491,9.09,SOL 반도체전공정,,테마/기타,125,"8,940","284,022",10.64,9.09
492,12.62,KOSEF 고배당,,섹터/IT,125,"11,910","130,677",2.76,12.62
493,0.63,HANARO KOFR금리액티브(합성),,스타일/스타일,125,"10,380","9,280",-4.02,0.63
494,0.26,KODEX MSCI KOREA ESG유니버설,,채권/단기자금,125,"103,870",112,0.07,0.26
495,5.42,ITF 200,,시장지수/MSCI Korea Index,124,"11,285",197,0.04,5.42
496,6.02,히어로즈 25-09 미국채권(AA-이상)액티브,,시장지수/코스피200,124,"37,965",334,0.98,6.02
497,1.53,TIGER 글로벌자원생산기업(합성 H),,해외지수/해외지수,123,"51,285","21,440",0.74,1.53
498,6.93,TIGER LG그룹+펀더멘털,,해외지수/해외지수,123,"15,195","1,733",1.00,6.93
499,-1.23,TIGER 일본TOPIX(합성 H),,그룹주/LG,122,"7,660","15,782",-1.29,-1.23
500,3.71,KODEX 기계장비,,해외지수/해외지수,122,"23,365","3,642",-1.14,3.71
501,4.96,TIGER 은행,,섹터/산업재,122,"6,670","30,032",-2.70,4.96
502,3.66,KODEX 코스닥글로벌,,섹터/금융,122,"8,350","47,888",-5.97,3.66
503,8.45,TIGER 미국캐시카우100,,시장지수/코스닥,121,"12,060","1,674",1.69,8.45
504,12.01,KODEX 미국S&P500통신서비스,,해외지수/해외지수,120,"12,195","15,392",4.09,12.01
505,4.86,KODEX TSE일본리츠(H),,해외지수/해외지수,119,"12,400","5,101",0.65,4.86
506,6.80,TIGER AI코리아그로스액티브,,기타/기타,118,"11,760","23,227",-1.09,6.80
507,4.41,KBSTAR 버크셔포트폴리오TOP10,,시장지수/코스피200,118,"13,140","10,265",0.92,4.41
508,3.82,VITA MZ소비액티브,,해외지수/해외지수,118,"10,330","288,035",2.02,3.82
509,0.19,KODEX 33-06 국고채액티브,,테마/기타,118,"7,810","33,852",1.17,0.19
510,6.42,채권/국공채권,457690,"10,355","9,800",-0.29,0.83,-0.86,6.42
511,11.28,해외지수/해외지수,460960,"10,670","14,712",1.66,3.93,7.90,11.28
512,2.32,KBSTAR 차이나항셍테크,,해외지수/해외지수,116,"5,075","18,100",1.50,2.32
513,3.54,ACE 미국주식베스트셀러,,해외지수/해외지수,115,"11,555","279,009",2.30,3.54
514,0.25,SOL 24-06 국고채액티브,,채권/국공채권,115,"104,740",591,0.06,0.25
515,-1.58,ARIRANG Apple채권혼합Fn,,기타/기타,115,"10,895","17,968",0.14,-1.58
516,8.52,TIGER 유로스탁스레버리지(합성 H),,파생상품/레버리지,113,"12,480","1,098",0.81,8.52
517,0.27,HANARO CD금리액티브(합성),,채권/단기자금,113,"101,400",718,0.07,0.27
518,4.94,마이다스 KoreaStock액티브,,시장지수/코스피200,112,"21,350",74,0.42,4.94
519,0.78,KOSEF 물가채KIS,,채권/국공채권,112,"111,585",304,0.03,0.78
520,6.57,KBSTAR KRX300,,시장지수/KRX300,111,"18,565","2,374",1.34,6.57
521,8.82,TIGER 코스닥글로벌,,시장지수/코스닥,111,"12,280","1,809",1.24,8.82
522,6.17,FOCUS KRX300,,시장지수/KRX300,110,"18,335","2,733",0.66,6.17
523,9.27,TIGER 한중반도체(합성),,섹터/IT,109,"12,850",69,3.63,9.27
524,6.00,ARIRANG KRX300,,시장지수/KRX300,108,"18,020",84,1.09,6.00
525,3.86,에셋플러스 차이나일등기업포커스10액티브,,해외지수/해외지수,108,"10,355","21,055",0.58,3.86
526,1.93,KODEX 미국S&P500경기소비재,,해외지수/해외지수,108,"13,480",908,1.35,1.93
527,3.90,KOSEF 미국S&P500(H),,해외지수/해외지수,107,"13,445","30,159",0.56,3.90
528,11.35,ACE 레버리지,,파생상품/레버리지,107,"8,190","20,289",1.68,11.35
529,13.85,HANARO 원자력iSelect,,테마/기타,106,"14,220","24,694",2.16,13.85
530,-3.31,KBSTAR 200고배당커버드콜ATM,,파생상품/구조화,106,"7,570","34,517",-2.25,-3.31
531,4.08,KODEX 미국S&P500필수소비재,,해외지수/해외지수,105,"10,980","2,914",1.48,4.08
532,3.72,TREX 펀더멘탈 200,,투자전략/투자전략,104,"41,730",8,-0.19,3.72
533,,SOL 미국나스닥100,,해외지수/해외지수,104,"10,465","32,742",0.77,
534,5.98,HANARO 탄소효율그린뉴딜,,테마/녹색성장,104,"9,475","1,928",1.12,5.98
535,5.02,KODEX 구리선물(H),,상품/금속,104,"7,005","10,340",0.50,5.02
536,3.36,KODEX Fn K-뉴딜디지털플러스,,테마/기타,104,"8,620","1,406",-0.40,3.36
537,4.33,KBSTAR 글로벌비만산업TOP2+,,해외지수/해외지수,103,"10,350","213,070",2.27,4.33
538,4.03,에셋플러스 글로벌대장장이액티브,,해외지수/해외지수,102,"14,205","3,153",-0.11,4.03
539,0.93,KBSTAR 중국MSCI China(H),,해외지수/해외지수,102,"7,020","5,404",0.14,0.93
540,-27.22,해외지수/해외지수,400580,"9,225","12,019",5.01,8.91,-21.62,-27.22
541,22.66,파생상품/레버리지,451670,"20,030","10,033",-1.84,2.22,-7.93,22.66
542,4.31,TIGER 미국나스닥넥스트100,,해외지수/해외지수,100,"12,580",390,1.57,4.31
543,1.39,KODEX 필수소비재,,섹터/필수소비재,99,"6,210","77,152",0.65,1.39
544,-1.64,SOL 자동차TOP3플러스,,섹터/경기소비재,99,"11,680","18,196",-1.97,-1.64
545,3.16,KODEX TDF2040액티브,,기타/기타,99,"12,410","9,157",0.32,3.16
546,8.78,KODEX 미국S&P500유틸리티,,해외지수/해외지수,99,"10,410","2,411",4.78,8.78
547,1.22,SOL 국고채30년액티브,,채권/국공채권,99,"49,175","3,093",-0.37,1.22
548,-1.29,KBSTAR 미국빅데이터Top3채권혼합iSelect,,기타/기타,98,"12,260","1,875",0.91,-1.29
549,5.90,TREX 200,,시장지수/코스피200,96,"38,590",107,1.14,5.90
550,3.23,KBSTAR 글로벌수소경제Indxx,,해외지수/해외지수,96,"7,030","5,674",0.57,3.23
551,1.48,ACE 미국달러단기채권액티브,,해외지수/해외지수,96,"10,620","22,020",1.09,1.48
552,5.80,에셋플러스 코리아대장장이액티브,,테마/기타,95,"11,940",289,1.06,5.80
553,-4.52,TIGER 200 철강소재,,섹터/소재,94,"8,445","6,525",-2.14,-4.52
554,11.56,ARIRANG 200선물레버리지,,파생상품/레버리지,94,"37,435","1,190",2.20,11.56
555,3.04,KODEX 미국스마트모빌리티S&P,,해외지수/해외지수,93,"5,765","4,835",2.31,3.04
556,4.85,ACE 삼성그룹동일가중,,그룹주/삼성,93,"18,715",831,-0.21,4.85
557,3.48,히어로즈 미국성장기업30액티브,,해외지수/해외지수,93,"12,480","1,846",0.20,3.48
558,9.17,KODEX 아시아반도체공급망exChina액티브,,해외지수/해외지수,93,"18,745","6,994",4.43,9.17
559,5.15,FOCUS AI코리아액티브,,시장지수/코스피200,93,"13,270","10,689",0.30,5.15
560,7.74,KBSTAR KRX300미국달러선물혼합,,기타/기타,93,"18,585",40,1.89,7.74
561,4.19,ACE 밸류대형,,투자전략/투자전략,93,"10,320",785,-0.05,4.19
562,3.92,TRUSTON 주주가치액티브,,시장지수/코스피200,92,"11,260","20,149",-1.05,3.92
563,11.31,KOSEF 200선물레버리지,,파생상품/레버리지,92,"18,405","13,291",1.71,11.31
564,2.52,KBSTAR 미국장기국채선물레버리지(합성 H),,파생상품/레버리지,92,"6,305","10,068",1.12,2.52
565,3.61,KBSTAR 글로벌클린에너지S&P,,해외지수/해외지수,92,"7,035","7,674",3.08,3.61
566,5.49,KODEX KTOP30,,테마/우량주,91,"18,255","5,294",0.58,5.49
567,7.23,KODEX MSCI Korea,,시장지수/MSCI Korea Index,91,"18,250",141,1.22,7.23
568,1.34,히어로즈 국고채30년액티브,,채권/국공채권,91,"56,930",208,-0.69,1.34
569,6.94,TIGER KRX300,,시장지수/KRX300,91,"18,100",89,0.72,6.94
570,7.66,해외지수/해외지수,455660,"10,075","12,562",0.15,1.20,0.85,7.66
571,-1.38,테마/기타,385710,"8,225","4,559",2.81,6.89,-5.41,-1.38
572,5.73,KOSEF 차이나A50커넥트MSCI,,해외지수/해외지수,90,"8,120","1,324",2.72,5.73
573,6.06,ACE 스마트밸류,,투자전략/투자전략,90,"14,965",152,0.88,6.06
574,8.32,HANARO 글로벌반도체TOP10 SOLACTIVE,,해외지수/해외지수,90,"14,840","14,770",-0.17,8.32
575,-1.13,KOSEF 미국달러선물인버스,,파생상품/인버스,90,"8,780","1,323",-0.57,-1.13
576,8.69,KOSEF 코스닥글로벌,,시장지수/코스닥,89,"12,820",265,1.63,8.69
577,1.33,히어로즈 미국달러SOFR금리액티브(합성),,해외지수/해외지수,89,"11,025",452,0.73,1.33
578,-1.60,KODEX 밸류Plus,,투자전략/투자전략,89,"8,895","89,303",-0.95,-1.60
579,4.34,KODEX 테슬라밸류체인FactSet,,해외지수/해외지수,89,"11,790","10,946",0.77,4.34
580,23.22,HANARO 글로벌금채굴기업,,해외지수/해외지수,89,"11,010","3,359",6.63,23.22
581,11.47,KBSTAR 헬스케어,,섹터/의료,88,"14,625","10,361",-0.95,11.47
582,6.09,KBSTAR 미국S&P배당킹,,해외지수/해외지수,87,"10,870","5,788",1.83,6.09
583,1.43,KODEX iShares미국인플레이션국채액티브,,해외지수/해외지수,85,"10,315","10,871",0.05,1.43
584,3.02,KODEX 코스닥150롱코스피200숏선물,,기타/기타,85,"10,565","4,096",-0.70,3.02
585,4.13,KBSTAR TDF2050액티브,,기타/기타,85,"12,110","6,943",1.13,4.13
586,2.40,KODEX 미국ETF산업Top10 Indxx,,해외지수/해외지수,85,"14,090","3,447",0.57,2.40
587,4.99,VITA 밸류알파액티브,,투자전략/투자전략,84,"12,000","22,829",2.43,4.99
588,3.37,TIGER 한중전기차(합성),,테마/기타,84,"8,735",857,-1.24,3.37
589,9.23,SOL KEDI메가테크액티브,,테마/기타,84,"13,970","7,977",2.42,9.23
590,9.84,ACE 원자력테마딥서치,,테마/기타,84,"13,950","8,679",1.53,9.84
591,4.61,KBSTAR 주식혼합,,기타/기타,84,"41,845",26,0.78,4.61
592,-0.38,KODEX MSCI밸류,,시장지수/MSCI Korea Index,83,"11,925","2,536",-0.21,-0.38
593,3.86,ARIRANG KS로우사이즈가중TR,,투자전략/투자전략,83,"16,675","1,003",0.54,3.86
594,5.11,KBSTAR 유로스탁스50(H),,해외지수/해외지수,83,"13,975","3,040",1.64,5.11
595,3.05,TIGER 미국달러선물레버리지,,파생상품/레버리지,83,"13,870","1,836",1.87,3.05
596,1.63,에셋플러스 글로벌다이나믹시니어액티브,,해외지수/해외지수,83,"11,515","1,858",-0.04,1.63
597,7.08,ARIRANG KS모멘텀가중TR,,투자전략/투자전략,83,"15,120","1,536",1.72,7.08
598,5.69,마이다스 KoreaStock중소형액티브,,투자전략/투자전략,83,"22,115",44,2.86,5.69
599,1.59,ARIRANG KS밸류가중TR,,투자전략/투자전략,83,"16,605","1,791",-0.45,1.59
600,14.64,테마/기타,457930,"11,000",853,0.27,4.46,7.47,14.64
601,18.66,시장지수/코스피100,159800,"29,595",324,0.83,5.62,6.38,18.66
602,6.65,KODEX 혁신기술테마액티브,,테마/기타,83,"13,710","1,409",1.18,6.65
603,1.81,TIGER 로우볼,,투자전략/투자전략,83,"12,940","3,841",-0.77,1.81
604,4.70,TIGER 이머징마켓MSCI레버리지(합성 H),,파생상품/레버리지,82,"7,460","1,293",0.67,4.70
605,6.47,ACE 스마트퀄리티,,투자전략/투자전략,82,"16,455",72,2.14,6.47
606,5.07,TIMEFOLIO 탄소중립액티브,,테마/녹색성장,82,"13,575","3,667",-0.88,5.07
607,,에셋플러스 글로벌일등기업포커스10액티브,,해외지수/해외지수,82,"10,265","19,050",1.03,
608,5.59,TIGER S&P글로벌인프라(합성),,해외지수/해외지수,81,"12,470",710,2.59,5.59
609,,ACE 미국30년국채액티브,,해외지수/해외지수,81,"10,160","258,682",2.11,
610,4.22,KODEX Fn멀티팩터,,투자전략/투자전략,81,"13,470","1,499",0.67,4.22
611,6.29,ACE 스마트모멘텀,,투자전략/투자전략,81,"16,140",144,0.37,6.29
612,10.93,KBSTAR 200IT,,섹터/IT,80,"16,030","6,818",2.46,10.93
613,4.08,HANARO 미국S&P500,,해외지수/해외지수,80,"13,270","3,198",1.22,4.08
614,1.28,HANARO KAP초장기국고채,,채권/국공채권,79,"38,090","1,170",-0.55,1.28
615,4.74,ACE 일본반도체,,해외지수/해외지수,79,"13,375","15,914",1.21,4.74
616,1.40,ARIRANG 미국달러SOFR금리액티브(합성),,해외지수/해외지수,79,"52,685",408,1.21,1.40
617,8.28,ARIRANG 미국테크10레버리지iSelect(합성),,파생상품/레버리지,79,"15,825","11,186",-0.44,8.28
618,7.84,KODEX 모멘텀Plus,,투자전략/투자전략,79,"13,065",909,2.47,7.84
619,7.52,KODEX MSCI모멘텀,,시장지수/MSCI Korea Index,78,"13,090","1,052",1.67,7.52
620,9.23,TIGER 금은선물(H),,상품/금속,78,"10,410","2,404",2.01,9.23
621,1.46,KBSTAR 글로벌데이터센터리츠나스닥(합성),,해외지수/해외지수,78,"11,155","2,729",1.18,1.46
622,5.34,HANARO 글로벌워터MSCI(합성),,해외지수/해외지수,78,"13,010",353,0.89,5.34
623,6.21,WOORI AI ESG액티브,,테마/SRI,78,"9,745","4,031",1.25,6.21
624,2.99,KBSTAR KQ고배당,,스타일/스타일,78,"12,930",962,0.19,2.99
625,5.42,TIGER KTOP30,,테마/우량주,78,"9,145","2,707",0.44,5.42
626,8.47,KODEX 한중반도체(합성),,섹터/IT,78,"12,995",213,3.59,8.47
627,2.76,ARIRANG KS로우볼가중TR,,투자전략/투자전략,78,"14,130","1,023",0.18,2.76
628,4.82,KBSTAR 글로벌주식분산액티브,,해외지수/해외지수,77,"11,960","7,386",1.23,4.82
629,0.28,KBSTAR 국채선물3년,,채권/국공채권,77,"53,040",24,0.11,0.28
630,16.34,스타일/스타일,192720,"32,195",867,-1.89,-1.08,6.89,16.34
631,-5.13,파생상품/인버스,304670,"11,100","4,709",-0.58,-0.85,6.99,-5.13
632,7.07,KBSTAR 글로벌메타버스Moorgate,,해외지수/해외지수,77,"12,880","2,635",-0.39,7.07
633,16.49,ACE 골드선물 레버리지(합성 H),,파생상품/레버리지,77,"19,140","5,199",3.07,16.49
634,6.02,KBSTAR V&S셀렉트밸류,,투자전략/투자전략,77,"15,320",377,0.72,6.02
635,5.98,WOORI 200,,시장지수/코스피200,77,"38,250",567,0.90,5.98
636,5.15,ARIRANG KS퀄리티가중TR,,투자전략/투자전략,76,"15,320",951,1.83,5.15
637,10.89,HANARO Fn5G산업,,섹터/IT,76,"13,905","3,615",6.23,10.89
638,4.55,SOL KRX기후변화솔루션,,테마/녹색성장,76,"12,645",552,0.08,4.55
639,9.89,ACE Fn5G플러스,,섹터/IT,75,"10,775","2,263",6.79,9.89
640,1.45,TIGER 200동일가중,,시장지수/코스피200,75,"11,570","11,568",-0.90,1.45
641,8.26,KBSTAR 글로벌원자력iSelect,,해외지수/해외지수,75,"15,130","9,317",0.73,8.26
642,5.98,KOSEF 코스피100,,시장지수/코스피100,75,"28,800",594,0.91,5.98
643,3.35,KODEX 미국클린에너지나스닥,,해외지수/해외지수,75,"6,330","10,649",5.59,3.35
644,5.97,TIMEFOLIO K컬처액티브,,테마/기타,75,"8,260","6,793",5.29,5.97
645,-2.21,TIGER 우량가치,,테마/우량주,74,"11,720","6,815",-2.17,-2.21
646,6.94,ARIRANG S&P글로벌인프라,,해외지수/해외지수,74,"14,710",257,1.73,6.94
647,-3.80,TIGER 미국S&P500선물인버스(H),,파생상품/인버스,73,"3,165","95,182",-0.63,-3.80
648,0.66,TIGER 경기방어채권혼합,,기타/기타,73,"9,140","2,063",0.00,0.66
649,5.76,TIGER 모멘텀,,투자전략/투자전략,73,"26,070",550,2.60,5.76
650,1.07,HANARO 고배당,,스타일/스타일,73,"13,265","7,479",-2.64,1.07
651,3.13,ACE 베트남VN30선물블룸버그레버리지(H),,파생상품/레버리지,73,"11,850","5,688",1.02,3.13
652,4.59,ARIRANG 코스피,,시장지수/코스피200,72,"28,940",769,0.54,4.59
653,3.89,ARIRANG 글로벌MSCI(합성 H),,해외지수/해외지수,72,"18,410",575,0.03,3.89
654,0.73,ARIRANG 글로벌수소&차세대연료전지MV,,해외지수/해외지수,72,"4,115","13,462",2.11,0.73
655,3.82,ACE 코스피,,시장지수/코스피200,72,"28,665","1,744",0.28,3.82
656,-0.62,KOSEF Fn중소형,,스타일/스타일,71,"20,990",904,-0.80,-0.62
657,-8.19,SOL 유럽탄소배출권선물인버스ICE(H),,파생상품/인버스,71,"14,235","3,684",-4.91,-8.19
658,-3.85,ACE 일본TOPIX인버스(합성 H),,파생상품/인버스,71,"2,620","66,697",1.35,-3.85
659,6.13,HANARO KRX300,,시장지수/KRX300,71,"17,740",79,1.57,6.13
660,16.95,투자전략/투자전략,251590,"12,860","4,297",-0.77,1.14,6.24,16.95
661,17.60,해외지수/해외지수,474800,"11,775","43,311",3.11,13.71,8.29,17.60
662,,KOSEF SK그룹대표주,,그룹주/기타,70,"12,770","2,889",,
663,5.98,히어로즈 TDF2050액티브,,기타/기타,70,"12,735","1,482",-0.08,5.98
664,4.21,KOSEF Fn유전자혁신기술,,섹터/의료,70,"9,315","3,820",0.99,4.21
665,0.98,ARIRANG 글로벌D램반도체iSelect,,해외지수/해외지수,70,"20,035","5,607",-1.43,0.98
666,18.69,ACE 스마트하이베타,,투자전략/투자전략,70,"13,935",152,6.51,18.69
667,7.11,UNICORN 포스트IPO액티브,,투자전략/투자전략,70,"9,900","9,700",1.42,7.11
668,0.41,KBSTAR 200건설,,섹터/산업재,70,"13,410",620,-2.37,0.41
669,-1.29,FOCUS 혁신기업액티브,,테마/기타,70,"8,715",37,-0.59,-1.29
670,7.06,HANARO KRX기후변화솔루션,,테마/녹색성장,69,"12,595",129,1.87,7.06
671,5.35,TIGER 의료기기,,섹터/의료,69,"15,270","5,370",0.28,5.35
672,7.12,TIGER 200커버드콜5%OTM,,파생상품/구조화,68,"13,660","1,948",0.33,7.12
673,5.72,KOSEF 블루칩,,테마/우량주,68,"8,510",666,0.92,5.72
674,0.77,ACE 스마트로우볼,,투자전략/투자전략,68,"17,005",738,-0.82,0.77
675,5.46,BNK 2차전지양극재,,테마/기타,68,"9,035","13,888",0.98,5.46
676,2.09,KODEX 최소변동성,,투자전략/투자전략,68,"11,255",813,-1.74,2.09
677,4.21,HANARO 미국메타버스iSelect,,해외지수/해외지수,67,"13,400",414,0.76,4.21
678,2.41,TIGER MSCI KOREA ESG유니버설,,시장지수/MSCI Korea Index,67,"11,190",54,-0.22,2.41
679,5.22,TIGER 증권,,섹터/금융,67,"5,225","23,534",0.27,5.22
680,-3.15,KODEX 200동일가중,,시장지수/코스피200,67,"11,160","7,666",-4.13,-3.15
681,1.59,TIGER 코스닥150IT,,시장지수/코스닥,66,"17,480","1,460",-0.71,1.59
682,9.46,에셋플러스 글로벌영에이지액티브,,해외지수/해외지수,66,"13,170","1,825",4.23,9.46
683,2.57,HANARO Fn K-메타버스MZ,,섹터/IT,65,"7,260","1,323",-1.53,2.57
684,2.54,KODEX 국채선물10년인버스,,파생상품/인버스,65,"54,400",86,3.71,2.54
685,-0.36,KBSTAR 200중공업,,섹터/산업재,65,"12,085","4,895",0.37,-0.36
686,11.28,KODEX 국채선물3년인버스,,채권/국공채권,65,"54,220",1,-1.87,11.28
687,0.21,KBSTAR KRX300레버리지,,파생상품/레버리지,65,"16,260","1,642",0.09,0.21
688,12.18,WOORI 미국S&P우주항공&디펜스,,해외지수/해외지수,65,"13,100","3,875",1.37,12.18
689,4.84,KBSTAR 200산업재,,섹터/산업재,65,"12,490",626,2.34,4.84
690,9.23,해외지수/해외지수,429990,"12,945","2,914",-0.95,-1.61,-0.40,9.23
691,21.49,기타/기타,429740,"7,175","15,650",0.08,2.49,13.45,21.49
692,8.19,KODEX 콩선물(H),,상품/농산물,64,0.56,4.87,7.13,8.19
693,4.88,KOSEF 200선물인버스2X,,파생상품/인버스,64,"12,890",840,-0.88,4.88
694,-10.67,KBSTAR 글로벌농업경제MV,,해외지수/해외지수,64,"2,010","84,319",-1.71,-10.67
695,5.23,KODEX 200 중소형,,스타일/스타일,64,"9,160",742,1.89,5.23
696,3.91,KODEX 한중전기차(합성),,테마/기타,63,"12,760","7,518",-0.08,3.91
697,1.84,KBSTAR 미국달러선물인버스,,파생상품/인버스,63,"8,860","1,204",-2.80,1.84
698,-1.02,SOL 차이나육성산업액티브(합성),,해외지수/해외지수,63,"9,730",323,-0.36,-1.02
699,-5.47,히어로즈 TDF2040액티브,,기타/기타,63,"5,620","2,427",-4.50,-5.47
700,3.30,KBSTAR KRX기후변화솔루션,,테마/녹색성장,63,"12,530","1,278",0.28,3.30
701,4.53,ARIRANG 200선물인버스2X,,파생상품/인버스,63,"12,585",139,0.08,4.53
702,-10.88,ARIRANG K-유니콘투자기업액티브,,테마/기타,62,"4,055","15,735",-1.34,-10.88
703,-1.01,TIGER 200 경기소비재,,섹터/경기소비재,62,"11,290",146,-1.40,-1.01
704,-3.53,KOSEF 미국방어배당성장나스닥,,해외지수/해외지수,62,"17,200","2,781",-1.85,-3.53
705,4.26,HANARO Fn K-푸드,,섹터/필수소비재,62,"13,950","5,283",2.31,4.26
706,1.44,ARIRANG 국채선물3년,,채권/국공채권,61,"8,830","5,165",1.32,1.44
707,0.30,KOSEF 글로벌디지털경제,,해외지수/해외지수,61,"54,415",961,0.05,0.30
708,2.72,ACE 싱가포르리츠,,해외지수/해외지수,60,"10,005","2,009",0.00,2.72
709,1.22,ARIRANG 태양광&ESS Fn,,테마/녹색성장,60,"12,035","4,889",1.91,1.22
710,15.67,히어로즈 TDF2030액티브,,기타/기타,60,"8,600","3,644",1.90,15.67
711,3.37,KBSTAR TDF2040액티브,,기타/기타,60,"11,970",514,1.27,3.37
712,4.18,KBSTAR 200금융,,섹터/금융,60,"11,965","2,952",1.31,4.18
713,1.87,ARIRANG 국채선물10년,,채권/국공채권,59,"10,650","11,426",-5.71,1.87
714,0.83,KBSTAR 200커뮤니케이션서비스,,시장지수/코스피200,59,"52,940","2,535",-0.26,0.83
715,0.22,ARIRANG 신흥국MSCI인버스(합성 H),,파생상품/인버스,59,"11,425",142,1.92,0.22
716,-2.20,ARIRANG 주도업종,,투자전략/투자전략,59,"11,340",134,-0.22,-2.20
717,6.48,TIGER 코스피중형주,,스타일/스타일,59,"10,765",233,0.89,6.48
718,2.11,KBSTAR 우량업종대표주,,테마/우량주,59,"14,770",592,-0.37,2.11
719,0.64,SOL 한국형글로벌전기차&2차전지액티브,,해외지수/해외지수,58,"11,810",320,-0.34,0.64
720,4.69,투자전략/투자전략,373490,"10,820","1,378",0.70,5.51,3.54,4.69
721,15.90,기타/기타,442550,"11,660","1,420",6.48,18.32,8.87,15.90
722,11.52,ACE Fn성장소비주도주,,"11,665","3,713",1.04,3.83,6.48,11.52
723,0.95,TIGER 200커뮤니케이션서비스,,투자전략/투자전략,58,"5,825",717,1.66,0.95
724,0.94,HANARO 농업융복합산업,,시장지수/코스피200,58,"18,190","2,700",1.76,0.94
725,0.48,TIGER 차이나항셍25,,테마/기타,58,"10,555",623,-0.52,0.48
726,4.45,ACE 중국본토CSI300레버리지(합성),,해외지수/해외지수,58,"13,015","4,599",2.20,4.45
727,3.14,KODEX MSCI퀄리티,,파생상품/레버리지,57,"2,465","27,382",0.00,3.14
728,5.03,ACE 필리핀MSCI(합성),,시장지수/MSCI Korea Index,57,"9,500","1,001",2.37,5.03
729,0.88,KBSTAR 200경기소비재,,해외지수/해외지수,57,"14,275",210,0.39,0.88
730,-3.07,KODEX MSCI EM선물(H),,섹터/경기소비재,56,"10,875","3,158",-1.76,-3.07
731,3.05,KBSTAR 중소형고배당,,해외지수/해외지수,56,"8,105","3,470",0.75,3.05
732,-1.05,HANARO 유로존국채25년플러스(합성 H),,스타일/스타일,56,"11,285","1,783",-0.83,-1.05
733,3.03,히어로즈 글로벌리츠이지스액티브,,해외지수/해외지수,56,"51,975",616,1.52,3.03
734,3.62,HANARO 글로벌백신치료제MSCI,,해외지수/해외지수,56,"10,025","3,303",1.11,3.62
735,3.78,TIGER 라틴35,,해외지수/해외지수,56,"11,125",476,3.20,3.78
736,1.42,KOSEF 코스닥150선물레버리지,,해외지수/해외지수,56,"4,645","5,804",2.20,1.42
737,18.62,FOCUS ESG리더스,,파생상품/레버리지,54,"6,530","23,668",0.62,18.62
738,1.99,MASTER 테크미디어텔레콤액티브,,테마/SRI,54,"10,745","1,747",-1.42,1.99
739,9.77,KBSTAR 팔라듐선물(H),,테마/기타,54,"9,720","1,077",5.65,9.77
740,9.29,HANARO 단기채권액티브,,상품/금속,53,"5,355","8,393",2.59,9.29
741,0.22,HANARO Fn친환경에너지,,채권/단기자금,53,"106,165",168,0.02,0.22
742,-2.99,ARIRANG 미국테크10iSelect,,테마/녹색성장,53,"8,770","6,639",-1.96,-2.99
743,5.37,KOSEF 차이나A50커넥트인버스MSCI(합성 H),,해외지수/해외지수,52,"12,950","2,747",0.74,5.37
744,-3.89,KoAct 글로벌기후테크인프라액티브,,해외지수/해외지수,52,"10,260",112,0.64,-3.89
745,9.44,KBSTAR Fn창업투자회사,,해외지수/해외지수,51,"11,190","55,417",2.01,9.44
746,-6.10,ARIRANG 200동일가중,,테마/기타,51,"7,700","9,556",-0.45,-6.10
747,1.24,KODEX 경기소비재,,시장지수/코스피200,51,"10,205",212,-1.11,1.24
748,-1.00,ACE 차이나항셍테크,,섹터/경기소비재,50,"8,430","2,412",-0.94,-1.00
749,2.44,HANARO 반도체핵심공정주도주,,해외지수/해외지수,50,"5,045","11,776",1.51,2.44
750,,섹터/IT,391670,"11,175","17,392",3.04,6.23,,
751,22.02,시장지수/코스피200,429870,"9,920",888,3.01,6.72,10.78,22.02
752,10.20,기타/기타,,"7,500","2,117",1.15,5.04,7.54,10.20
753,5.67,UNICORN R&D 액티브,,시장지수/코스피200,49,"12,110",221,1.00,5.67
754,5.71,HK 하이볼액티브,,시장지수/코스피200,49,"8,800",200,1.03,5.71
755,1.58,KODEX 멀티에셋하이인컴(H),,해외지수/해외지수,48,"9,635",128,0.36,1.58
756,2.82,KODEX 차이나메타버스액티브,,해외지수/해외지수,48,"9,495",586,-1.25,2.82
757,0.61,KBSTAR 200에너지화학,,섹터/소재,47,"9,130","1,180",-1.35,0.61
758,0.88,SOL 차이나태양광CSI(합성),,해외지수/해외지수,46,"4,600","4,955",-1.92,0.88
759,8.63,ARIRANG 코스닥150,,시장지수/코스닥,46,"15,480","22,100",0.42,8.63
760,3.97,KBSTAR 수출주,,스타일/스타일,46,"11,515",199,0.79,3.97
761,5.22,KOSEF 차이나내수소비TOP CSI,,해외지수/해외지수,45,"8,170",825,2.51,5.22
762,-3.44,ACE 중국과창판STAR50,,해외지수/해외지수,45,"5,610","3,283",-2.86,-3.44
763,-4.86,ACE 미국빅테크TOP7 Plus인버스(합성),,파생상품/인버스,45,"15,075","2,391",0.07,-4.86
764,-5.71,KODEX 골드선물인버스(H),,파생상품/인버스,45,"6,520","4,685",-0.08,-5.71
765,1.75,ARIRANG 글로벌인공지능산업MV,,해외지수/해외지수,45,"12,820","6,205",-0.62,1.75
766,-3.78,KBSTAR 200철강소재,,섹터/소재,45,"8,645","1,496",-2.21,-3.78
767,18.42,HANARO 코스닥150선물레버리지,,파생상품/레버리지,45,"13,145","3,069",0.57,18.42
768,3.85,KOSEF 미국ETF산업STOXX,,해외지수/해외지수,44,"12,545",674,1.09,3.85
769,0.75,KODEX 퀄리티Plus,,투자전략/투자전략,44,"8,740","1,270",0.06,0.75
770,0.51,ARIRANG 스마트베타Quality채권혼합,,기타/기타,43,"10,850",527,-0.18,0.51
771,-1.51,TIGER 200 산업재,,섹터/산업재,43,"6,530","5,881",-1.28,-1.51
772,-0.64,HANARO K-메디테크,,섹터/의료,43,"8,535","2,856",-1.33,-0.64
773,-5.50,HANARO 200선물인버스,,파생상품/인버스,43,"9,445",728,-1.00,-5.50
774,5.10,KOSEF 독일DAX,,해외지수/해외지수,42,"12,060","2,046",1.52,5.10
775,-3.82,KBSTAR Fn플랫폼테마,,테마/기타,40,"6,930","7,347",0.51,-3.82
776,5.87,HANARO 글로벌신재생에너지MSCI(합성),,해외지수/해외지수,40,"7,120",795,1.06,5.87
777,-1.79,HANARO Fn골프테마,,테마/기타,39,"6,030",543,-1.47,-1.79
778,10.01,KOSEF 차이나A50커넥트레버리지MSCI(합성H),,해외지수/해외지수,39,"7,470","4,765",3.46,10.01
779,0.00,HK S&P코리아로우볼,,투자전략/투자전략,39,"12,925",43,-1.22,0.00
780,-10.08,해외지수/해외지수,256450,"7,670",568,-1.22,2.27,-1.10,-10.08
781,-7.32,파생상품/레버리지,243890,"7,600","6,830",-3.31,1.40,-14.12,-7.32
782,-17.78,파생상품/인버스,275750,"3,330","29,620",-0.45,-8.64,-9.26,-17.78
783,0.70,KBSTAR 국채선물10년,,채권/국공채권,37,"52,215",434,0.00,0.70
784,6.69,KOSEF K-테크TOP10,,섹터/IT,35,"11,805","40,536",4.01,6.69
785,2.77,MASTER 스마트커머스액티브,,테마/기타,35,"7,045",848,3.15,2.77
786,5.38,TIGER 코스피대형주,,스타일/스타일,35,"14,005","1,090",0.61,5.38
787,0.07,TIGER 방송통신,,섹터/통신서비스,34,"7,445","4,835",-1.72,0.07
788,4.34,TIGER 금속선물(H),,상품/금속,34,"5,650","1,219",0.27,4.34
789,11.06,HANARO 미국애그테크,,해외지수/해외지수,34,"11,200",853,2.85,11.06
790,0.25,TIGER 200 생활소비재,,섹터/필수소비재,33,"7,970","2,371",0.13,0.25
791,0.41,KBSTAR 국채선물5년추종,,채권/국공채권,33,"49,505",47,0.02,0.41
792,-1.21,SOL 차이나강소기업CSI500(합성 H),,해외지수/해외지수,33,"4,070","1,969",-3.55,-1.21
793,-5.63,KOSEF 200선물인버스,,파생상품/인버스,32,"5,280","4,363",-0.85,-5.63
794,-8.35,KOSEF 코스닥150선물인버스,,파생상품/인버스,31,"5,815","10,956",-0.60,-8.35
795,0.17,KBSTAR 200생활소비재,,섹터/필수소비재,31,"6,055","2,564",0.50,0.17
796,6.70,ARIRANG ESG성장주액티브,,테마/SRI,31,"8,920","38,845",1.25,6.70
797,-2.74,KBSTAR 미국장기국채선물인버스2X(합성 H),,파생상품/인버스,30,"9,945",516,-1.83,-2.74
798,4.41,ARIRANG TDF2060액티브,,기타/기타,30,"12,905","2,071",1.06,4.41
799,2.29,ARIRANG 중형주저변동50,,투자전략/투자전략,28,"11,410",299,-0.17,2.29
800,4.01,ACE 미국스팩&IPO INDXX,,해외지수/해외지수,28,"5,700",500,5.65,4.01
801,-7.95,ARIRANG 코스닥150선물인버스,,파생상품/인버스,28,"5,035","7,248",-1.27,-7.95
802,-0.98,KOSEF 글로벌전력반도체,,해외지수/해외지수,27,"9,100","53,499",0.05,-0.98
803,-3.98,KBSTAR 차이나H선물인버스(H),,파생상품/인버스,27,"13,265","1,923",-2.57,-3.98
804,-5.40,ACE 인버스,,파생상품/인버스,25,"5,080","6,910",-0.68,-5.40
805,5.65,ARIRANG 미국대체투자Top10MV,,해외지수/해외지수,25,"16,630",755,1.56,5.65
806,3.74,KBSTAR 모멘텀밸류,,투자전략/투자전략,25,"16,375",539,-1.86,3.74
807,2.17,ARIRANG TDF2040액티브,,기타/기타,24,"11,525",510,0.35,2.17
808,-10.56,ARIRANG 글로벌희토류전략자원기업MV,,해외지수/해외지수,24,"4,830","5,378",-1.43,-10.56
809,2.39,ARIRANG TDF2030액티브,,기타/기타,23,"11,370",327,0.66,2.39
810,-3.14,채권/국공채권,299070,"111,405",3,0.38,-0.21,2.76,-3.14
811,15.31,기타/기타,433870,"12,355",451,0.94,3.65,8.62,15.31
812,0.41,채권/국공채권,299080,"109,295",0,0.10,0.23,1.58,0.41
813,-8.05,KBSTAR 팔라듐선물인버스(H),,파생상품/인버스,21,"6,165",723,-1.28,-8.05
814,-1.64,KBSTAR 미국장기국채선물인버스(H),,파생상품/인버스,21,"10,495",261,-0.47,-1.64
815,3.55,TIGER BBIG레버리지,,파생상품/레버리지,20,"2,335","4,779",0.86,3.55
816,4.64,KBSTAR 모멘텀로우볼,,투자전략/투자전략,16,"16,240",261,0.31,4.64
817,3.54,KBSTAR Fn K-뉴딜디지털플러스,,테마/기타,13,"8,620","8,515",-0.06,3.54
818,0.00,ACE 러시아MSCI(합성),,해외지수/해외지수,1,"9,505",0,0.00,0.00
819,11.06,HANARO 미국애그테크,,해외지수/해외지수,34,"11,200",853,2.85,11.06
820,0.25,TIGER 200 생활소비재,,섹터/필수소비재,33,"7,970","2,371",0.13,0.25
821,0.41,KBSTAR 국채선물5년추종,,채권/국공채권,33,"49,505",47,0.02,0.41
822,-1.21,SOL 차이나강소기업CSI500(합성 H),,해외지수/해외지수,33,"4,070","1,969",-3.55,-1.21
823,-5.63,KOSEF 200선물인버스,,파생상품/인버스,32,"5,280","4,363",-0.85,-5.63
824,-8.35,KOSEF 코스닥150선물인버스,,파생상품/인버스,31,"5,815","10,956",-0.60,-8.35
825,0.17,KBSTAR 200생활소비재,,섹터/필수소비재,31,"6,055","2,564",0.50,0.17
826,6.70,ARIRANG ESG성장주액티브,,테마/SRI,31,"8,920","38,845",1.25,6.70
827,-2.74,KBSTAR 미국장기국채선물인버스2X(합성 H),,파생상품/인버스,30,"9,945",516,-1.83,-2.74
828,4.41,ARIRANG TDF2060액티브,,기타/기타,30,"12,905","2,071",1.06,4.41
829,2.29,ARIRANG 중형주저변동50,,투자전략/투자전략,28,"11,410",299,-0.17,2.29
830,4.01,ACE 미국스팩&IPO INDXX,,해외지수/해외지수,28,"5,700",500,5.65,4.01
831,-7.95,ARIRANG 코스닥150선물인버스,,파생상품/인버스,28,"5,035","7,248",-1.27,-7.95
832,-0.98,KOSEF 글로벌전력반도체,,해외지수/해외지수,27,"9,100","53,499",0.05,-0.98
833,-3.98,KBSTAR 차이나H선물인버스(H),,파생상품/인버스,27,"13,265","1,923",-2.57,-3.98
834,-5.40,ACE 인버스,,파생상품/인버스,25,"5,080","6,910",-0.68,-5.40
835,5.65,ARIRANG 미국대체투자Top10MV,,해외지수/해외지수,25,"16,630",755,1.56,5.65
836,3.74,KBSTAR 모멘텀밸류,,투자전략/투자전략,25,"16,375",539,-1.86,3.74
837,2.17,ARIRANG TDF2040액티브,,기타/기타,24,"11,525",510,0.35,2.17
838,-10.56,ARIRANG 글로벌희토류전략자원기업MV,,해외지수/해외지수,24,"4,830","5,378",-1.43,-10.56
839,2.39,ARIRANG TDF2030액티브,,기타/기타,23,"11,370",327,0.66,2.39
840,-3.14,채권/국공채권,299070,"111,405",3,0.38,-0.21,2.76,-3.14
841,15.31,기타/기타,433870,"12,355",451,0.94,3.65,8.62,15.31
842,0.41,채권/국공채권,299080,"109,295",0,0.10,0.23,1.58,0.41
843,-8.05,KBSTAR 팔라듐선물인버스(H),,파생상품/인버스,21,"6,165",723,-1.28,-8.05
844,-1.64,KBSTAR 미국장기국채선물인버스(H),,파생상품/인버스,21,"10,495",261,-0.47,-1.64
845,3.55,TIGER BBIG레버리지,,파생상품/레버리지,20,"2,335","4,779",0.86,3.55
846,4.64,KBSTAR 모멘텀로우볼,,투자전략/투자전략,16,"16,240",261,0.31,4.64
847,3.54,KBSTAR Fn K-뉴딜디지털플러스,,테마/기타,13,"8,620","8,515",-0.06,3.54
848,0.00,ACE 러시아MSCI(합성),,해외지수/해외지수,1,"9,505",0,0.00,0.00
849,11.06,HANARO 미국애그테크,,해외지수/해외지수,34,"11,200",853,2.85,11.06
850,0.25,TIGER 200 생활소비재,,섹터/필수소비재,33,"7,970","2,371",0.13,0.25
851,0.41,KBSTAR 국채선물5년추종,,채권/국공채권,33,"49,505",47,0.02,0.41
852,-1.21,SOL 차이나강소기업CSI500(합성 H),,해외지수/해외지수,33,"4,070","1,969",-3.55,-1.21
853,-5.63,KOSEF 200선물인버스,,파생상품/인버스,32,"5,280","4,363",-0.85,-5.63
854,-8.35,KOSEF 코스닥150선물인버스,,파생상품/인버스,31,"5,815","10,956",-0.60,-8.35
855,0.17,KBSTAR 200생활소비재,,섹터/필수소비재,31,"6,055","2,564",0.50,0.17
856,6.70,ARIRANG ESG성장주액티브,,테마/SRI,31,"8,920","38,845",1.25,6.70
857,-2.74,KBSTAR 미국장기국채선물인버스2X(합성 H),,파생상품/인버스,30,"9,945",516,-1.83,-2.74
858,4.41,ARIRANG TDF2060액티브,,기타/기타,30,"12,905","2,071",1.06,4.41
859,2.29,ARIRANG 중형주저변동50,,투자전략/투자전략,28,"11,410",299,-0.17,2.29
860,4.01,ACE 미국스팩&IPO INDXX,,해외지수/해외지수,28,"5,700",500,5.65,4.01
861,-7.95,ARIRANG 코스닥150선물인버스,,파생상품/인버스,28,"5,035","7,248",-1.27,-7.95
862,-0.98,KOSEF 글로벌전력반도체,,해외지수/해외지수,27,"9,100","53,499",0.05,-0.98
863,-3.98,KBSTAR 차이나H선물인버스(H),,파생상품/인버스,27,"13,265","1,923",-2.57,-3.98
864,-5.40,ACE 인버스,,파생상품/인버스,25,"5,080","6,910",-0.68,-5.40
865,5.65,ARIRANG 미국대체투자Top10MV,,해외지수/해외지수,25,"16,630",755,1.56,5.65
866,3.74,KBSTAR 모멘텀밸류,,투자전략/투자전략,25,"16,375",539,-1.86,3.74
867,2.17,ARIRANG TDF2040액티브,,기타/기타,24,"11,525",510,0.35,2.17
868,-10.56,ARIRANG 글로벌희토류전략자원기업MV,,해외지수/해외지수,24,"4,830","5,378",-1.43,-10.56
869,2.39,ARIRANG TDF2030액티브,,기타/기타,23,"11,370",327,0.66,2.39
870,-3.14,채권/국공채권,299070,"111,405",3,0.38,-0.21,2.76,-3.14
871,15.31,기타/기타,433870,"12,355",451,0.94,3.65,8.62,15.31
872,0.41,채권/국공채권,299080,"109,295",0,0.10,0.23,1.58,0.41
